{
  "$schema": "http://json-schema.org/draft-07/schema#",
  "$id": "https://richards-credit-authority/identity/schema/identity.schema.json",
  "title": "Identity Schema",
  "description": "Canonical identity object for the Personal Credit Authority",
  "type": "object",
  "required": [
    "version",
    "uuid",
    "legalName",
    "dateOfBirth",
    "residency",
    "taxIdentifier",
    "createdAt",
    "updatedAt",
    "status"
  ],
  "properties": {
    "version": {
      "type": "string",
      "pattern": "^[0-9]+\\.[0-9]+\\.[0-9]+$",
      "description": "Schema version following semantic versioning"
    },
    "uuid": {
      "type": "string",
      "pattern": "^[0-9a-f]{8}-[0-9a-f]{4}-4[0-9a-f]{3}-[89ab][0-9a-f]{3}-[0-9a-f]{12}$",
      "description": "UUID v4 identifier for this identity"
    },
    "legalName": {
      "type": "object",
      "required": ["firstName", "lastName"],
      "properties": {
        "firstName": {
          "type": "string",
          "minLength": 1,
          "maxLength": 100
        },
        "middleName": {
          "type": "string",
          "maxLength": 100
        },
        "lastName": {
          "type": "string",
          "minLength": 1,
          "maxLength": 100
        },
        "suffix": {
          "type": "string",
          "enum": ["Jr.", "Sr.", "II", "III", "IV", "V"]
        }
      }
    },
    "dateOfBirth": {
      "type": "string",
      "pattern": "^[0-9]{4}-[0-9]{2}-[0-9]{2}$",
      "description": "Date of birth in ISO 8601 format"
    },
    "residency": {
      "type": "object",
      "required": ["country", "state", "taxJurisdiction"],
      "properties": {
        "country": {
          "type": "string",
          "minLength": 2,
          "maxLength": 2,
          "pattern": "^[A-Z]{2}$",
          "description": "ISO 3166-1 alpha-2 country code"
        },
        "state": {
          "type": "string",
          "maxLength": 100
        },
        "municipality": {
          "type": "string",
          "maxLength": 100
        },
        "taxJurisdiction": {
          "type": "string",
          "pattern": "^[A-Z]{2}-[A-Z0-9]{1,5}$",
          "description": "Tax jurisdiction code (e.g., US-CA, US-NY)"
        },
        "postalCode": {
          "type": "string",
          "maxLength": 20
        },
        "address": {
          "type": "object",
          "properties": {
            "street1": { "type": "string", "maxLength": 200 },
            "street2": { "type": "string", "maxLength": 200 },
            "city": { "type": "string", "maxLength": 100 }
          }
        }
      }
    },
    "taxIdentifier": {
      "type": "object",
      "required": ["type", "value", "issuingAuthority"],
      "properties": {
        "type": {
          "type": "string",
          "enum": ["SSN", "TIN", "EIN", "VAT", "NINO"]
        },
        "value": {
          "type": "string",
          "maxLength": 50
        },
        "issuingAuthority": {
          "type": "string",
          "maxLength": 100
        },
        "masked": {
          "type": "boolean",
          "default": true
        }
      }
    },
    "verifiers": {
      "type": "array",
      "items": {
        "type": "object",
        "required": ["type", "identifier", "verifiedAt", "status"],
        "properties": {
          "type": {
            "type": "string",
            "enum": ["government", "financial_institution", "notary", "crypto_wallet"]
          },
          "identifier": {
            "type": "string",
            "maxLength": 200
          },
          "verifiedAt": {
            "type": "string",
            "pattern": "^[0-9]{4}-[0-9]{2}-[0-9]{2}T[0-9]{2}:[0-9]{2}:[0-9]{2}Z$"
          },
          "expiresAt": {
            "type": "string",
            "pattern": "^[0-9]{4}-[0-9]{2}-[0-9]{2}T[0-9]{2}:[0-9]{2}:[0-9]{2}Z$"
          },
          "status": {
            "type": "string",
            "enum": ["pending", "verified", "expired", "revoked"]
          },
          "proofHash": {
            "type": "string",
            "pattern": "^[a-fA-F0-9]{64}$"
          }
        }
      }
    },
    "createdAt": {
      "type": "string",
      "pattern": "^[0-9]{4}-[0-9]{2}-[0-9]{2}T[0-9]{2}:[0-9]{2}:[0-9]{2}Z$"
    },
    "updatedAt": {
      "type": "string",
      "pattern": "^[0-9]{4}-[0-9]{2}-[0-9]{2}T[0-9]{2}:[0-9]{2}:[0-9]{2}Z$"
    },
    "status": {
      "type": "string",
      "enum": ["pending", "verified", "suspended", "revoked"]
    },
    "signatures": {
      "type": "array",
      "items": {
        "$ref": "#/$defs/signatureBlock"
      }
    },
    "metadata": {
      "type": "object",
      "additionalProperties": true
    }
  },
  "$defs": {
    "signatureBlock": {
      "type": "object",
      "required": ["signer", "signedAt", "signature", "publicKey"],
      "properties": {
        "signer": {
          "type": "string",
          "maxLength": 200
        },
        "signedAt": {
          "type": "string",
          "pattern": "^[0-9]{4}-[0-9]{2}-[0-9]{2}T[0-9]{2}:[0-9]{2}:[0-9]{2}Z$"
        },
        "signature": {
          "type": "string",
          "pattern": "^[a-fA-F0-9]+$"
        },
        "publicKey": {
          "type": "string"
        },
        "signatureType": {
          "type": "string",
          "enum": ["secp256k1", "ed25519", "rsa4096"]
        },
        "purpose": {
          "type": "string",
          "enum": ["attestation", "consent", "authorization"]
        }
      }
    }
  },
  "additionalProperties": false
}