{
  "$schema": "https://json-schema.org/draft/2020-12/schema#",
  "$id": "https://richards-credit-authority/authority/rules/annual-lending-limit.json",
  "title": "Annual Lending Limit Rules",
  "description": "Defines yearly lending caps for the Personal Credit Authority based on verification level, risk tier, and regulatory requirements",
  "version": "1.0.0",
  "effectiveDate": "2024-01-01",
  "lastUpdated": "2024-01-01",
  "overview": {
    "purpose": "Establish maximum lending limits on annual, aggregate, and per-loan bases to ensure prudent risk management and regulatory compliance",
    "governancePrinciple": "Limits shall be calibrated to protect both the identity holder from over-indebtedness and the system from excessive concentration risk",
    "reviewFrequency": "Annual review with quarterly monitoring"
  },
  "limitCategories": {
    "individualLoanLimit": {
      "description": "Maximum amount for a single loan transaction",
      "calculationBasis": "Based on verification level and risk tier",
      "unit": "cents"
    },
    "totalOutstandingLimit": {
      "description": "Maximum aggregate outstanding balance across all loans",
      "calculationBasis": "Based on verification level, risk tier, and income multiple",
      "unit": "cents"
    },
    "aggregatedLimit": {
      "description": "Maximum total exposure including loans from all sources within the Personal Credit Authority network",
      "calculationBasis": "System-wide limit per identity holder",
      "unit": "cents"
    },
    "annualOriginationLimit": {
      "description": "Maximum total new loan principal that can be originated in a calendar year",
      "calculationBasis": "Based on income and verification level",
      "unit": "cents"
    }
  },
  "verificationLevelLimits": {
    "minimal": {
      "description": "Minimal verification level - most conservative limits",
      "individualLoanLimit": 50000000,
      "totalOutstandingLimit": 50000000,
      "aggregatedLimit": 100000000,
      "annualOriginationLimit": 25000000,
      "ltiMultiplier": 2.0,
      "lttMultiplier": 10.0,
      "notes": "Used for new identities or limited documentation scenarios"
    },
    "basic": {
      "description": "Basic verification level",
      "individualLoanLimit": 150000000,
      "totalOutstandingLimit": 150000000,
      "aggregatedLimit": 300000000,
      "annualOriginationLimit": 75000000,
      "ltiMultiplier": 3.0,
      "lttMultiplier": 12.0,
      "notes": "Standard level for verified identities with government attestation only"
    },
    "standard": {
      "description": "Standard verification level - baseline limits",
      "individualLoanLimit": 300000000,
      "totalOutstandingLimit": 300000000,
      "aggregatedLimit": 600000000,
      "annualOriginationLimit": 150000000,
      "ltiMultiplier": 4.0,
      "lttMultiplier": 15.0,
      "notes": "Default level for most verified identities"
    },
    "enhanced": {
      "description": "Enhanced verification level - elevated limits",
      "individualLoanLimit": 500000000,
      "totalOutstandingLimit": 500000000,
      "aggregatedLimit": 1000000000,
      "annualOriginationLimit": 300000000,
      "ltiMultiplier": 5.0,
      "lttMultiplier": 15.0,
      "notes": "Available for identities with multiple attestation sources"
    },
    "premium": {
      "description": "Premium verification level - maximum limits",
      "individualLoanLimit": 1000000000,
      "totalOutstandingLimit": 1000000000,
      "aggregatedLimit": 2000000000,
      "annualOriginationLimit": 500000000,
      "ltiMultiplier": 6.0,
      "lttMultiplier": 15.0,
      "notes": "Highest limits for thoroughly verified identities with long track record"
    }
  },
  "riskTierModifiers": {
    "minimal": {
      "description": "Excellent risk profile",
      "multiplier": 1.25,
      "notes": "25% increase to all limits for minimal risk"
    },
    "low": {
      "description": "Good risk profile",
      "multiplier": 1.15,
      "notes": "15% increase to all limits for low risk"
    },
    "moderate": {
      "description": "Average risk profile",
      "multiplier": 1.00,
      "notes": "Standard limits apply"
    },
    "elevated": {
      "description": "Marginal risk profile",
      "multiplier": 0.85,
      "notes": "15% reduction to all limits for elevated risk"
    },
    "high": {
      "description": "Concerning risk profile",
      "multiplier": 0.65,
      "notes": "35% reduction to all limits for high risk"
    },
    "critical": {
      "description": "Unacceptable risk profile",
      "multiplier": 0.40,
      "notes": "60% reduction to all limits for critical risk; additional restrictions apply"
    }
  },
  "calculationMethodology": {
    "baseLimitSelection": {
      "step": 1,
      "action": "Select base limits based on verification level",
      "input": "identity.verificationLevel",
      "output": "verificationLevelLimits[verificationLevel]"
    },
    "riskAdjustment": {
      "step": 2,
      "action": "Apply risk tier modifier",
      "formula": "baseLimit × riskMultiplier",
      "input": "riskTier.level",
      "output": "riskAdjustedLimits"
    },
    "incomeBasedCap": {
      "step": 3,
      "action": "Apply income-based caps where applicable",
      "formula": "min(riskAdjustedLimit, NetAnnualIncome × IncomeMultiple)",
      "incomeMultiples": {
        "individualLoan": 6.0,
        "totalOutstanding": 6.0,
        "aggregated": 10.0,
        "annualOrigination": 3.0
      },
      "output": "incomeCappedLimits"
    },
    "taxBasedCap": {
      "step": 4,
      "action": "Apply tax-based caps",
      "formula": "min(incomeCappedLimit, AnnualTaxLiability × TaxMultiple)",
      "taxMultiple": 15.0,
      "output": "taxCappedLimits"
    },
    "finalLimits": {
      "step": 5,
      "action": "Apply floor and ceiling limits",
      "minimums": {
        "individualLoanLimit": 10000000,
        "totalOutstandingLimit": 10000000,
        "aggregatedLimit": 20000000,
        "annualOriginationLimit": 5000000
      },
      "maximums": {
        "individualLoanLimit": 1000000000,
        "totalOutstandingLimit": 1000000000,
        "aggregatedLimit": 2000000000,
        "annualOriginationLimit": 500000000
      },
      "output": "finalAnnualLimits"
    }
  },
  "productSpecificLimits": {
    "personalUnsecured": {
      "description": "General purpose unsecured personal loans",
      "individualLoanLimit": {
        "minimal": 5000000,
        "basic": 15000000,
        "standard": 30000000,
        "enhanced": 50000000,
        "premium": 75000000
      },
      "maximumTerm": 84,
      "collateralRequired": false,
      "notes": "Subject to additional credit check requirements"
    },
    "personalSecured": {
      "description": "Personal loans secured by collateral",
      "individualLoanLimit": {
        "minimal": 15000000,
        "basic": 50000000,
        "standard": 100000000,
        "enhanced": 200000000,
        "premium": 500000000
      },
      "maximumTerm": 120,
      "collateralRequired": true,
      "ltvMaximum": 0.80,
      "notes": "Collateral must be independently appraised"
    },
    "mortgage": {
      "description": "Residential mortgage loans",
      "individualLoanLimit": {
        "minimal": 100000000,
        "basic": 250000000,
        "standard": 500000000,
        "enhanced": 750000000,
        "premium": 1000000000
      },
      "maximumTerm": 360,
      "ltvMaximum": 0.90,
      "notes": "Subject to QM/ATR requirements; additional documentation required"
    },
    "auto": {
      "description": "Vehicle financing",
      "individualLoanLimit": {
        "minimal": 10000000,
        "basic": 25000000,
        "standard": 50000000,
        "enhanced": 75000000,
        "premium": 100000000
      },
      "maximumTerm": 72,
      "ltvMaximum": 1.00,
      "notes": "New vehicle value only; used vehicles have 85% LTV cap"
    },
    "business": {
      "description": "Business purpose loans",
      "individualLoanLimit": {
        "minimal": 25000000,
        "basic": 75000000,
        "standard": 150000000,
        "enhanced": 300000000,
        "premium": 500000000
      },
      "maximumTerm": 180,
      "collateralRequired": false,
      "notes": "Additional business documentation required; personal guarantee recommended"
    },
    "consolidation": {
      "description": "Debt consolidation loans",
      "individualLoanLimit": {
        "minimal": 10000000,
        "basic": 25000000,
        "standard": 50000000,
        "enhanced": 75000000,
        "premium": 100000000
      },
      "maximumTerm": 120,
      "notes": "Must provide evidence of debt being consolidated; DTI limits strictly enforced"
    }
  },
  "cumulativeLimits": {
    "totalOutstandingCalculation": {
      "formula": "sum of all outstanding principal balances across all active loans",
      "excluded": ["fully paid loans", "loans in delinquency > 180 days (charged off)"],
      "frequency": "Calculated daily; applied at loan origination"
    },
    "aggregatedLimitCalculation": {
      "formula": "totalOutstanding + approvedButNotDisbursed + pendingApplications",
      "inclusions": [
        "All Personal Credit Authority network loans",
        "Affiliate lending partner loans",
        "Co-branded loan products"
      ],
      "exclusions": ["Loans from non-affiliated lenders", "Loans not reported to network"],
      "frequency": "Calculated weekly; reviewed monthly"
    },
    "annualOriginationCalculation": {
      "formula": "sum of all loan principal disbursed in calendar year",
      "resetDate": "January 1 of each year",
      "frequency": "Calculated in real-time; monitored monthly"
    }
  },
  "limitBreachProcedures": {
    "softBreach": {
      "description": "Limit exceeded by less than 10%",
      "action": "Require additional approval",
      "approver": "Senior credit officer",
      "documentation": "Written justification required",
      "timeframe": "Within 5 business days"
    },
    "hardBreach": {
      "description": "Limit exceeded by 10% or more",
      "action": "Decline additional lending",
      "approval": "Credit committee required for any exception",
      "documentation": "Full file review and committee minutes",
      "timeframe": "Immediate effect"
    },
    "temporaryIncrease": {
      "description": "Time-limited increase for specific purposes",
      "maximumDuration": "90 days",
      "approvalLevel": "Credit committee",
      "conditions": [
        "Strong compensating factors",
        "Clear repayment strategy",
        "Written commitment to return within limits"
      ]
    }
  },
  "regulatoryCompliance": {
    "stateLicensingLimits": {
      "description": "Maximum loan amounts by state licensing category",
      "consumerLoan": {
        "california": 25000000,
        "newYork": 25000000,
        "texas": 50000000,
        "florida": 25000000,
        "default": 25000000
      },
      "commercialLoan": {
        "california": 500000000,
        "newYork": 500000000,
        "texas": 500000000,
        "florida": 500000000,
        "default": 500000000
      }
    },
    "usuryCompliance": {
      "description": "Interest rate and fee limits by state",
      "rateLimits": {
        "california": 0.10,
        "newYork": 0.16,
        "texas": "No usury limit for business loans",
        "florida": 0.18,
        "default": 0.18
      },
      "feeLimits": {
        "california": "5% of loan amount",
        "newYork": "2% of loan amount",
        "default": "5% of loan amount"
      }
    },
    "reportingRequirements": {
      "hmda": {
        "threshold": 50000000,
        "action": "Report if loan amount meets or exceeds threshold",
        "fields": ["loanAmount", "loanPurpose", "propertyType", "occupancy"]
      },
      "caa": {
        "threshold": 100000000,
        "action": "Report aggregate lending data quarterly",
        "fields": ["totalOriginations", "totalOutstanding", "chargeOffs"]
      }
    }
  },
  "monitoringAndReporting": {
    "limitUtilization": {
      "frequency": "Daily",
      "thresholds": [
        { "level": 0.70, "action": "Informational" },
        { "level": 0.85, "action": "Review" },
        { "level": 0.95, "action": "Warning" },
        { "level": 1.00, "action": "Breach procedure" }
      ]
    },
    "complianceReporting": {
      "frequency": "Monthly",
      "reports": [
        "Limit Utilization Report",
        "Exception Report",
        "Regulatory Compliance Report",
        "Risk Exposure Report"
      ]
    },
    "annualReview": {
      "frequency": "Annual",
      "activities": [
        "Review limit adequacy",
        "Benchmark against industry standards",
        "Assess regulatory changes",
        "Update limits as appropriate",
        "Board approval for changes"
      ]
    }
  },
  "exceptionsAndAppeals": {
    "exceptionProcess": {
      "eligibilityCriteria": [
        "Strong compensating factors",
        "Clear repayment capacity",
        "Strategic relationship value",
        "Temporary circumstances"
      ],
      "approvalLevels": {
        "minorException": {
          "amount": "Up to 10% over limit",
          "approver": "Credit Manager"
        },
        "majorException": {
          "amount": "10-25% over limit",
          "approver": "Credit Committee"
        },
        "significantException": {
          "amount": "Over 25% over limit",
          "approver": "Board Risk Committee"
        }
      },
      "documentationRequirements": [
        "Written justification",
        "Financial analysis",
        "Risk assessment",
        "Mitigation measures"
      ]
    },
    "appealProcess": {
      "eligibility": "Denial of exception or limit reduction",
      "timeframe": "30 days from decision",
      "reviewBody": "Independent Credit Review",
      "outcome": "Uphold, modify, or reverse original decision"
    }
  }
}