{
  "$schema": "https://json-schema.org/draft/2020-12/schema#",
  "$id": "https://richards-credit-authority/authority/rules/loan-to-tax-rules.json",
  "title": "Loan-to-Tax Rules",
  "description": "Rules for tax-first lending limits in the Personal Credit Authority, implementing the core principle that tax obligations take absolute priority over all lending activities",
  "version": "1.0.0",
  "effectiveDate": "2024-01-01",
  "lastUpdated": "2024-01-01",
  "governancePrinciple": {
    "statement": "Tax obligations shall take absolute priority over all lending activities. No lending decision, capacity calculation, or loan approval shall enable lending that would compromise the identity holder's ability to meet their tax obligations.",
    "source": "Personal Credit Authority Governance Framework",
    "implementation": "Loan-to-Tax Ratio limits and Tax-First calculation methodology"
  },
  "definitions": {
    "loanToTax": {
      "fullName": "Loan-to-Tax Ratio",
      "abbreviation": "LTT",
      "formula": "TotalLoanAmount / AnnualTaxLiability",
      "description": "The ratio of the total loan amount to the borrower's annual tax liability, ensuring lending capacity does not exceed a reasonable multiple of tax obligations"
    },
    "annualTaxLiability": {
      "fullName": "Annual Tax Liability",
      "description": "The total amount of taxes owed to all taxing jurisdictions for the current tax year",
      "jurisdictions": {
        "federal": {
          "fullName": "Federal Tax Liability",
          "components": [
            "incomeTax",
            "selfEmploymentTax",
            "alternativeMinimumTax",
            "netInvestmentIncomeTax"
          ]
        },
        "state": {
          "fullName": "State Tax Liability",
          "components": [
            "stateIncomeTax",
            "statePropertyTaxAllocation"
          ],
          "notes": "Applies to residents of taxing states"
        },
        "local": {
          "fullName": "Local Tax Liability",
          "components": [
            "cityIncomeTax",
            "schoolDistrictTax",
            "specialAssessmentTax"
          ],
          "notes": "Varies by locality"
        },
        "payroll": {
          "fullName": "Payroll Tax Liability",
          "components": [
            "socialSecurityTax",
            "medicareTax",
            "additionalMedicareTax",
            "federalUnemploymentTax"
          ],
          "notes": "For self-employed or where employer doesn't withhold"
        }
      }
    },
    "taxPriority": {
      "description": "The hierarchical structure ensuring tax obligations are protected",
      "hierarchy": [
        "Federal income tax obligations",
        "Federal payroll tax obligations",
        "State income tax obligations",
        "State payroll tax obligations",
        "Local tax obligations",
        "All other financial obligations"
      ]
    },
    "taxComplianceStatus": {
      "current": {
        "description": "All tax obligations are current and paid",
        "ltiMultiplier": 15.0,
        "status": "compliant"
      },
      "partial": {
        "description": "Some tax obligations are partially paid or under payment plan",
        "ltiMultiplier": 10.0,
        "status": "conditional"
      },
      "delinquent": {
        "description": "Tax obligations are past due without approved payment plan",
        "ltiMultiplier": 5.0,
        "status": "non-compliant"
      },
      "disputed": {
        "description": "Tax obligations are under formal dispute or audit",
        "ltiMultiplier": 3.0,
        "status": "conditional"
      },
      "default": {
        "description": "Tax obligations are in default or have active liens",
        "ltiMultiplier": 1.0,
        "status": "prohibited"
      }
    }
  },
  "calculationMethodology": {
    "taxCalculationSteps": [
      {
        "step": 1,
        "action": "Determine applicable tax jurisdictions",
        "input": "identity.residency.taxJurisdiction",
        "output": "list of applicable jurisdictions"
      },
      {
        "step": 2,
        "action": "Calculate federal tax liability",
        "input": "grossIncome, filingStatus, deductions",
        "formula": "federal_income_tax + self_employment_tax + AMT + NIIT",
        "verification": "tax_return_or_withholding_statement"
      },
      {
        "step": 3,
        "action": "Calculate state tax liability",
        "input": "stateResidency, stateIncome, stateDeductions",
        "formula": "state_tax_brackets.apply(state_income)",
        "verification": "state_tax_return_or_withholding"
      },
      {
        "step": 4,
        "action": "Calculate local tax liability",
        "input": "locality, localIncome, localRates",
        "formula": "sum of applicable local taxes",
        "verification": "local_tax_records"
      },
      {
        "step": 5,
        "action": "Calculate payroll tax liability (if applicable)",
        "input": "selfEmploymentIncome, employmentStatus",
        "formula": "self_employment_tax + additional_medicare",
        "verification": "schedule_se or pay_stubs"
      },
      {
        "step": 6,
        "action": "Sum all tax liabilities",
        "formula": "federal + state + local + payroll",
        "output": "totalAnnualTaxLiability"
      },
      {
        "step": 7,
        "action": "Assess tax compliance status",
        "input": "paymentHistory, outstandingBalance, paymentPlanStatus",
        "output": "complianceStatus"
      },
      {
        "step": 8,
        "action": "Calculate Loan-to-Tax limit",
        "formula": "totalAnnualTaxLiability × complianceMultiplier",
        "output": "maxLoanAmountByTax"
      }
    ],
    "incomeCalculation": {
      "grossIncome": {
        "salary": "W-2 wages and salary income",
        "business": "Schedule C net earnings (92.35% of QBI for pass-throughs)",
        "partnership": "K-1 distributive share",
        "investments": "Taxable interest, ordinary dividends, short-term gains",
        "rental": "Net rental income (gross minus expenses)",
        "other": "Alimony, pensions, social security, other income"
      },
      "adjustments": {
        "aboveLineDeductions": [
          "traditional IRA deduction",
          "self-employed health insurance",
          "self-employed retirement (1/2 of SE tax)",
          "alimony paid",
          "qualified tuition and fees",
          "health savings account deduction"
        ]
      },
      "adjustedGrossIncome": {
        "formula": "grossIncome - aboveLineDeductions",
        "usage": "Used for most tax calculations and limits"
      }
    },
    "taxBracketApplication": {
      "federal2024": {
        "filingStatus": "single",
        "brackets": [
          { "min": 0, "max": 11600, "rate": 0.10 },
          { "min": 11600, "max": 47150, "rate": 0.12 },
          { "min": 47150, "max": 100525, "rate": 0.22 },
          { "min": 100525, "max": 191950, "rate": 0.24 },
          { "min": 191950, "max": 243725, "rate": 0.32 },
          { "min": 243725, "max": 609350, "rate": 0.35 },
          { "min": 609350, "max": null, "rate": 0.37 }
        ],
        "standardDeduction": 14600
      },
      "federal2024MFJ": {
        "filingStatus": "married_filing_jointly",
        "brackets": [
          { "min": 0, "max": 23200, "rate": 0.10 },
          { "min": 23200, "max": 94300, "rate": 0.12 },
          { "min": 94300, "max": 201050, "rate": 0.22 },
          { "min": 201050, "max": 383900, "rate": 0.24 },
          { "min": 383900, "max": 487450, "rate": 0.32 },
          { "min": 487450, "max": 731200, "rate": 0.35 },
          { "min": 731200, "max": null, "rate": 0.37 }
        ],
        "standardDeduction": 29200
      }
    }
  },
  "limitsAndMultipliers": {
    "baseMultiplier": {
      "value": 15.0,
      "description": "Maximum loan amount is 15 times annual tax liability for compliant taxpayers",
      "conditions": [
        "Tax compliance status = current",
        "No outstanding tax liens",
        "Tax returns filed for all required years"
      ]
    },
    "multipliersByComplianceStatus": {
      "current": {
        "multiplier": 15.0,
        "description": "All tax obligations are current",
        "maxLoanAmount": "Unlimited within other constraints"
      },
      "partial": {
        "multiplier": 10.0,
        "description": "Payment plan active and current",
        "maxLoanAmount": "10× annual tax liability",
        "conditions": [
          "Payment plan must be active for 6+ months",
          "All payment plan payments must be current",
          "Remaining balance must be declining"
        ]
      },
      "delinquent": {
        "multiplier": 5.0,
        "description": "Tax obligations are past due",
        "maxLoanAmount": "5× annual tax liability",
        "conditions": [
          "No active collections or levies",
          "Must be actively working with taxing authority",
          "Limited lending for debt consolidation only"
        ]
      },
      "disputed": {
        "multiplier": 3.0,
        "description": "Tax obligations are under formal dispute",
        "maxLoanAmount": "3× annual tax liability",
        "conditions": [
          "Dispute must be formal and documented",
          "Lending may be restricted to secured loans only",
          "Full payment of disputed amount held in escrow"
        ]
      },
      "default": {
        "multiplier": 1.0,
        "description": "Tax obligations are in default",
        "maxLoanAmount": "1× annual tax liability (minimum emergency only)",
        "conditions": [
          "No new lending for 12 months minimum",
          "Emergency lending only with guarantor",
          "Must be actively resolving default"
        ]
      }
    },
    "specialCircumstances": {
      "multipleJurisdictions": {
        "description": "Taxpayers with obligations in multiple jurisdictions",
        "calculation": "Sum of all jurisdictional liabilities for total LTT calculation",
        "example": "Federal + State + City = Total Tax Liability"
      },
      "passThroughEntities": {
        "description": "Business income passed through to personal tax return",
        "treatment": "Shareholders responsible for their portion of entity tax obligations",
        "calculation": "Pro-rata share of entity's tax payments",
        "documentation": "K-1 statements and estimated tax payments"
      },
      "seasonalIncome": {
        "description": "Irregular or seasonal income patterns",
        "treatment": "Calculate tax on average of 3 years or current year projection",
        "conservatism": "Use higher of current or 3-year average"
      }
    }
  },
  "integrationWithLendingCapacity": {
    "taxFirstPriority": {
      "description": "Tax obligations are deducted before any other lending capacity calculation",
      "sequence": [
        "Step 1: Calculate Gross Lending Capacity",
        "Step 2: Subtract Tax Deduction (Annual Tax Liability × Priority Factor)",
        "Step 3: Apply remaining capacity to debt service and other calculations"
      ],
      "priorityFactor": 1.25,
      "explanation": "25% buffer ensures tax obligations have margin for underestimation or unexpected changes"
    },
    "lendingCapacityFormula": {
      "taxDeduction": {
        "formula": "AnnualTaxLiability × PriorityFactor",
        "priorityFactor": 1.25,
        "minimum": "Minimum $10,000 deduction regardless of calculated amount"
      },
      "calculationOrder": [
        "Gross Lending Capacity (Income + Assets)",
        "Minus Tax Deduction",
        "Minus Debt Service Deduction",
        "Plus/Minus Risk Adjustment",
        "Apply Annual Limits",
        "Apply Loan-to-Income Limit",
        "Apply Loan-to-Tax Limit",
        "Final Lending Capacity"
      ]
    }
  },
  "verificationRequirements": {
    "taxComplianceVerification": {
      "federal": {
        "required": ["Latest 2 years tax returns", "Current year withholding statements"],
        "alternative": "IRS transcript if returns not available",
        "statusCheck": "IRS Account Transcript for balance due status"
      },
      "state": {
        "required": ["Latest 2 years state returns", "Current year estimated payments"],
        "statusCheck": "State tax department account status"
      },
      "local": {
        "required": ["Local tax compliance verification"],
        "statusCheck": "Local tax collector records"
      }
    },
    "taxBalanceVerification": {
      "outstandingBalance": {
        "description": "Current amount owed to each jurisdiction",
        "verification": "Official balance statement from taxing authority",
        "recency": "Within 60 days"
      },
      "paymentPlanDetails": {
        "description": "If on payment plan, details of plan terms",
        "verification": "Payment plan agreement documents",
        "paymentStatus": "Current with all payments"
      },
      "lienStatus": {
        "description": "Check for any tax liens filed",
        "verification": "County recorder records, UCC filings, judgment searches",
        "priority": "Federal tax lien takes priority over all other liens"
      }
    },
    "documentationExpiry": {
      "taxReturns": {
        "validity": "24 months from filing date",
        "requirement": "Must be filed, not just prepared"
      },
      "transcripts": {
        "validity": "90 days from issuance",
        "requirement": "Official IRS/state transcripts only"
      },
      "balanceStatements": {
        "validity": "60 days from issuance",
        "requirement": "Direct from taxing authority"
      }
    }
  },
  "penaltiesAndAdjustments": {
    "delinquencyPenalty": {
      "description": "Additional restrictions for tax delinquency",
      "multiplierReduction": "0.5× multiplier reduction for each 90-day delinquency increment",
      "example": "Current (15×) → 90-day delinquent (10×) → 180-day delinquent (7.5×) → 270-day delinquent (5×)"
    },
    "lienPenalty": {
      "description": "Severe restrictions when tax liens are filed",
      "multiplier": "1.0× (minimum emergency only)",
      "additionalRequirements": [
        "Written explanation required",
        "Guarantor with clean tax history",
        "Secured loan only",
        "Maximum 12-month term"
      ]
    },
    "nonFilingPenalty": {
      "description": "Restrictions when required tax returns are not filed",
      "calculation": "Use 150% of estimated liability",
      "multiplierReduction": "Cannot exceed 5× until filing compliant"
    },
    "amliationBonus": {
      "description": "Reduced restrictions for identities that have previously resolved tax issues",
      "requirement": "3+ years of compliant history after resolution",
      "bonus": "May qualify for standard compliance multipliers"
    }
  },
  "auditAndCompliance": {
    "calculationDocumentation": {
      "requiredFields": [
        "totalAnnualTaxLiability",
        "jurisdictionBreakdown",
        "complianceStatus",
        "multiplierApplied",
        "taxDeductionAmount",
        "loanToTaxRatio",
        "complianceWithLimits"
      ]
    },
    "auditTriggers": [
      "Lending at 10× or above tax multiple",
      "Any delinquency status",
      "Exception to standard rules",
      "Complaint or dispute"
    ],
    "retentionRequirements": {
      "calculationRecords": "7 years",
      "taxDocuments": "7 years minimum, longer if audit pending",
      "correspondence": "永久 (Permanent) for lien-related matters"
    }
  }
}