{
  "$schema": "https://json-schema.org/draft/2020-12/schema#",
  "$id": "https://richards-credit-authority/authority/rules/loan-to-income-rules.json",
  "title": "Loan-to-Income Rules",
  "description": "Rules for Loan-to-Income (LTI) calculations in the Personal Credit Authority",
  "version": "1.0.0",
  "effectiveDate": "2024-01-01",
  "lastUpdated": "2024-01-01",
  "definitions": {
    "loanToIncome": {
      "fullName": "Loan-to-Income Ratio",
      "abbreviation": "LTI",
      "formula": "TotalLoanAmount / AnnualNetIncome",
      "description": "The ratio of the total loan amount to the borrower's annual net income"
    },
    "annualNetIncome": {
      "fullName": "Annual Net Income",
      "description": "Total verified annual income after taxes and mandatory deductions",
      "components": [
        "grossSalaryIncome",
        "selfEmploymentIncome",
        "investmentIncome",
        "rentalIncome",
        "pensionAndRetirementIncome",
        "governmentBenefits",
        "alimonyAndChildSupport",
        "otherVerifiedIncome"
      ],
      "deductions": [
        "federalIncomeTax",
        "stateIncomeTax",
        "localIncomeTax",
        "socialSecurityTax",
        "medicareTax",
        "healthInsurancePremiums",
        "retirementContributions",
        "alimonyPayments"
      ]
    },
    "totalLoanAmount": {
      "fullName": "Total Loan Amount",
      "description": "The principal amount of the loan being requested or total outstanding balance for existing loans",
      "calculation": "Sum of all loan principal amounts"
    }
  },
  "verificationLevels": {
    "minimal": {
      "multiplier": 2.0,
      "description": "Minimal verification level - most conservative LTI limit",
      "requirements": [
        "Single source income verification",
        "Limited documentation"
      ],
      "notes": "Used for new identities or limited documentation scenarios"
    },
    "standard": {
      "multiplier": 3.0,
      "description": "Standard verification level - baseline LTI limit",
      "requirements": [
        "Two or more income sources verified",
        "Standard documentation package",
        "Tax return verification"
      ],
      "notes": "Default level for most verified identities"
    },
    "enhanced": {
      "multiplier": 4.0,
      "description": "Enhanced verification level - elevated LTI limit",
      "requirements": [
        "Multiple attestation sources",
        "Comprehensive documentation",
        "Cross-referenced financial data"
      ],
      "notes": "Available for identities with strong verification history"
    },
    "premium": {
      "multiplier": 5.0,
      "description": "Premium verification level - maximum LTI limit",
      "requirements": [
        "Full multi-source verification",
        "Independent financial audit",
        "Long-term relationship verification"
      ],
      "notes": "Highest LTI limit for thoroughly verified identities"
    }
  },
  "calculationRules": {
    "incomeRecognition": {
      "salaryAndWages": {
        "treatment": "100% of verified gross income minus mandatory deductions",
        "verificationRequired": ["pay_stubs", "tax_returns", "employer_attestation"],
        "lookbackPeriod": "24 months for stability assessment"
      },
      "selfEmployment": {
        "treatment": "Average of last 24 months net income after business expenses",
        "verificationRequired": ["tax_returns", "business_records", "accountant_attestation"],
        "adjustmentFactor": 0.85,
        "notes": "Adjustment factor accounts for income volatility"
      },
      "investmentIncome": {
        "treatment": "Average of last 24 months realized gains plus 70% of unrealized gains",
        "verificationRequired": ["brokerage_statements", "tax_returns"],
        "haircut": "30% on unrealized gains for conservatism"
      },
      "rentalIncome": {
        "treatment": "75% of gross rental income (25% vacancy/expense buffer)",
        "verificationRequired": ["lease_agreements", "bank_statements", "tax_returns"],
        "lookbackPeriod": "12 months minimum"
      },
      "retirementAndPension": {
        "treatment": "100% of verified recurring payments",
        "verificationRequired": ["benefit_statement", "tax_returns"],
        "maximumAgeConsideration": "Benefits must extend at least 36 months"
      },
      "governmentBenefits": {
        "treatment": "100% of verified recurring benefits",
        "verificationRequired": ["benefit_letter", "bank_statement"],
        "stabilityCheck": "Benefits must not be means-tested with income fluctuation"
      },
      "alimonyAndSupport": {
        "treatment": "100% of court-ordered or verified informal support",
        "verificationRequired": ["court_order", "bank_records"],
        "durationCheck": "Payments must have minimum 36 month remaining term"
      }
    },
    "incomeExclusions": {
      "temporaryBonuses": {
        "treatment": "Excluded from base income calculation",
        "criteria": "Bonuses received in fewer than 3 of last 24 months"
      },
      "oneTimeWindfalls": {
        "treatment": "Excluded from base income calculation",
        "examples": ["inheritance", "lottery winnings", "legal settlements", "insurance payouts"]
      },
      "irregularCommissions": {
        "treatment": "50% of average if received in 3-12 of last 24 months",
        "exclusionCriteria": "Commission received in fewer than 3 months"
      },
      "expenseReimbursements": {
        "treatment": "Excluded from income calculation",
        "notes": "Reimbursements are not income"
      },
      "capitalGains": {
        "treatment": "Treated as investment income with 70% inclusion",
        "see": "investmentIncome rules"
      }
    },
    "deductionRecognition": {
      "federalTaxes": {
        "treatment": "Deducted at marginal rate based on income bracket",
        "calculation": "Standard tax brackets applied to gross income"
      },
      "stateAndLocalTaxes": {
        "treatment": "Deducted at applicable rates",
        "verification": "Based on residency in identity manifest"
      },
      "payrollTaxes": {
        "treatment": "Social Security and Medicare at statutory rates",
        "limits": "Social Security wage base applies"
      },
      "mandatoryRetirement": {
        "treatment": "Deducted if required by law or employer",
        "examples": ["401k contributions where employer match is conditional", "government pensions"]
      },
      "healthInsurance": {
        "treatment": "Deducted if employment-required",
        "exclusion": "Voluntary health insurance not deducted"
      },
      "alimonyPayments": {
        "treatment": "Deducted if court-ordered",
        "documentation": "Copy of court order required"
      }
    },
    "calculationMethodology": {
      "step1": {
        "action": "Calculate gross annual income from all sources",
        "formula": "sum(income_source × inclusion_rate)"
      },
      "step2": {
        "action": "Apply income exclusions and adjustments",
        "formula": "gross_annual_income - exclusions + adjustments"
      },
      "step3": {
        "action": "Calculate mandatory deductions",
        "formula": "sum(deduction_amounts)"
      },
      "step4": {
        "action": "Calculate net annual income",
        "formula": "adjusted_gross_income - deductions"
      },
      "step5": {
        "action": "Calculate loan-to-income ratio",
        "formula": "total_loan_amount / net_annual_income"
      },
      "step6": {
        "action": "Compare against verification level multiplier",
        "formula": "calculated_lti ≤ verification_level_multiplier"
      }
    }
  },
  "limitsAndThresholds": {
    "baseLimits": {
      "minimalVerification": {
        "maximumLTI": 2.0,
        "maximumLoanAmount": 500000,
        "maximumTermMonths": 60
      },
      "standardVerification": {
        "maximumLTI": 3.0,
        "maximumLoanAmount": 1500000,
        "maximumTermMonths": 120
      },
      "enhancedVerification": {
        "maximumLTI": 4.0,
        "maximumLoanAmount": 3000000,
        "maximumTermMonths": 180
      },
      "premiumVerification": {
        "maximumLTI": 5.0,
        "maximumLoanAmount": 5000000,
        "maximumTermMonths": 360
      }
    },
    "productSpecificLimits": {
      "personalLoan": {
        "maximumLTI": 3.0,
        "maximumAmount": 100000,
        "maximumTerm": 84,
        "notes": "Consumer loans have additional regulatory limits"
      },
      "mortgage": {
        "maximumLTI": 4.0,
        "maximumAmount": "Per conforming loan limits",
        "maximumTerm": 360,
        "notes": "Subject to QM and ATR requirements"
      },
      "autoLoan": {
        "maximumLTI": 2.5,
        "maximumAmount": "100% of vehicle value",
        "maximumTerm": 72,
        "notes": "Vehicle value limits apply"
      },
      "businessLoan": {
        "maximumLTI": 4.0,
        "maximumAmount": "Per business cash flow analysis",
        "maximumTerm": 120,
        "notes": "Additional business documentation required"
      }
    },
    "exceptionThresholds": {
      "lenderDiscretion": {
        "maximumLTIOverride": 0.5,
        "conditions": [
          "Strong compensating factors",
          "Low DTI",
          "Large down payment",
          "Verified high savings rate"
        ]
      },
      "automatedException": {
        "maximumLTIOverride": 1.0,
        "conditions": [
          "Tier 1 risk profile",
          "5+ year banking relationship",
          "No delinquencies in 7 years",
          "DTI below 25%"
        ]
      }
    }
  },
  "complianceRequirements": {
    "qualifiedMortgage": {
      "description": "ATR/QM compliance for mortgage loans",
      "requirements": [
        "LTI limit of 4.0 for QM safe harbor",
        "DTI limit of 43%",
        "Loan term not exceeding 30 years",
        "No balloon payments (unless QM patch applies)",
        "Fully amortizing payments",
        "Points and fees within limit"
      ],
      "lqiThreshold": 3.0,
      "dtiThreshold": 0.43
    },
    "abilityToRepay": {
      "description": "General ATR considerations for all loan types",
      "factors": [
        "Current income or assets",
        "Employment status",
        "Credit history",
        "Monthly debt payments",
        "Monthly payments on covered transactions",
        "Monthly payments for simultaneous loans",
        "Monthly payments for subordinate financing",
        "Monthly payments for mortgage-related obligations",
        "Current debt obligations including alimony",
        "Credit history"
      ]
    }
  },
  "auditingAndReporting": {
    "calculationDocumentation": {
      "requiredFields": [
        "gross_income_calculation",
        "income_source_breakdown",
        "deduction_breakdown",
        "net_income_result",
        "loan_amount",
        "lti_ratio",
        "verification_level_used",
        "limit_applied",
        "approval_or_denial"
      ]
    },
    "auditFrequency": "Every lending authority calculation requires full documentation",
    "retentionPeriod": "7 years minimum",
    "reviewTriggers": [
      "LTI above 4.0",
      "Exception exercised",
      "Manual underwriting",
      "Complaint or dispute"
    ]
  }
}