{
  "$schema": "https://json-schema.org/draft/2020-12/schema#",
  "$id": "https://richards-credit-authority/authority/rules/risk-tier-definitions.json",
  "title": "Risk Tier Definitions",
  "description": "Defines risk tiers and thresholds for lending authority calculations in the Personal Credit Authority",
  "version": "1.0.0",
  "tiers": [
    {
      "level": "minimal",
      "scoreRange": [0, 10],
      "description": "Excellent credit profile with minimal risk factors",
      "characteristics": [
        "Perfect or near-perfect payment history",
        "High income relative to debts",
        "Extensive verified financial history",
        "No delinquencies or negative items",
        "Strong asset base with high liquidity"
      ],
      "adjustmentDirection": "positive",
      "adjustmentRange": [0.20, 0.30],
      "approvalRate": 0.98,
      "defaultRate": 0.001,
      "color": "#22c55e",
      "icon": "shield-check"
    },
    {
      "level": "low",
      "scoreRange": [11, 25],
      "description": "Good credit profile with low risk factors",
      "characteristics": [
        "Excellent payment history with rare exceptions",
        "Good income to debt ratio",
        "Verified financial history of 3+ years",
        "Minor issues that have been resolved",
        "Adequate asset base with good liquidity"
      ],
      "adjustmentDirection": "positive",
      "adjustmentRange": [0.10, 0.20],
      "approvalRate": 0.92,
      "defaultRate": 0.005,
      "color": "#84cc16",
      "icon": "shield"
    },
    {
      "level": "moderate",
      "scoreRange": [26, 40],
      "description": "Acceptable credit profile with moderate risk factors",
      "characteristics": [
        "Good payment history overall",
        "Acceptable income to debt ratio",
        "Verified financial history of 1-3 years",
        "Some resolved issues or inquiries",
        "Reasonable asset base"
      ],
      "adjustmentDirection": "neutral",
      "adjustmentRange": [0.00, 0.00],
      "approvalRate": 0.80,
      "defaultRate": 0.02,
      "color": "#eab308",
      "icon": "alert-circle"
    },
    {
      "level": "elevated",
      "scoreRange": [41, 60],
      "description": "Marginal credit profile with elevated risk factors",
      "characteristics": [
        "Some payment issues present",
        "Income to debt ratio approaching limits",
        "Limited verified financial history",
        "Recent inquiries or new credit",
        "Limited asset base"
      ],
      "adjustmentDirection": "neutral",
      "adjustmentRange": [0.00, 0.00],
      "approvalRate": 0.65,
      "defaultRate": 0.05,
      "color": "#f97316",
      "icon": "alert-triangle",
      "additionalRequirements": ["collateral", "co_signer"]
    },
    {
      "level": "high",
      "scoreRange": [61, 80],
      "description": "Concerning credit profile with high risk factors",
      "characteristics": [
        "Frequent payment issues",
        "High debt relative to income",
        "Short or incomplete financial history",
        "Multiple recent inquiries",
        "Minimal assets or high concentration"
      ],
      "adjustmentDirection": "negative",
      "adjustmentRange": [-0.25, -0.10],
      "approvalRate": 0.45,
      "defaultRate": 0.12,
      "color": "#ef4444",
      "icon": "x-circle",
      "additionalRequirements": ["collateral", "co_signer", "guarantor"],
      "maxLoanAmount": 5000000,
      "maxLoanTerm": 24
    },
    {
      "level": "critical",
      "scoreRange": [81, 100],
      "description": "Unacceptable credit profile with critical risk factors",
      "characteristics": [
        "Severe payment problems",
        "Debt significantly exceeds income",
        "No verified financial history",
        "Active collections or judgments",
        "Bankruptcy or severe derogatory items"
      ],
      "adjustmentDirection": "negative",
      "adjustmentRange": [-0.50, -0.25],
      "approvalRate": 0.15,
      "defaultRate": 0.30,
      "color": "#7f1d1d",
      "icon": "skull",
      "additionalRequirements": ["full_collateral", "personal_guarantee"],
      "maxLoanAmount": 1000000,
      "maxLoanTerm": 12
    }
  ],
  "riskFactors": [
    {
      "category": "income",
      "name": "Income Sufficiency",
      "description": "Evaluates whether income is sufficient for requested loan amount",
      "weight": 0.15,
      "subFactors": [
        {
          "name": "Income Stability",
          "weight": 0.05,
          "levels": [
            {
              "range": [0, 20],
              "contribution": 5,
              "description": "Stable employment or consistent income for 5+ years"
            },
            {
              "range": [21, 40],
              "contribution": 10,
              "description": "Stable employment or consistent income for 2-5 years"
            },
            {
              "range": [41, 60],
              "contribution": 20,
              "description": "Employment or income for 1-2 years"
            },
            {
              "range": [61, 80],
              "contribution": 35,
              "description": "Recent employment or variable income"
            },
            {
              "range": [81, 100],
              "contribution": 50,
              "description": "Inconsistent or insufficient income"
            }
          ]
        },
        {
          "name": "Income Verification",
          "weight": 0.05,
          "levels": [
            {
              "range": [0, 20],
              "contribution": 0,
              "description": "Fully verified through multiple attestation sources"
            },
            {
              "range": [21, 40],
              "contribution": 5,
              "description": "Verified through standard documentation"
            },
            {
              "range": [41, 60],
              "contribution": 10,
              "description": "Partially verified with some estimates"
            },
            {
              "range": [61, 80],
              "contribution": 20,
              "description": "Self-reported with limited verification"
            },
            {
              "range": [81, 100],
              "contribution": 30,
              "description": "Unverified or inconsistent information"
            }
          ]
        },
        {
          "name": "Income to Loan Ratio",
          "weight": 0.05,
          "levels": [
            {
              "range": [0, 10],
              "contribution": 0,
              "description": "Loan to income ratio below 2x"
            },
            {
              "range": [11, 25],
              "contribution": 5,
              "description": "Loan to income ratio 2x to 3x"
            },
            {
              "range": [26, 40],
              "contribution": 10,
              "description": "Loan to income ratio 3x to 4x"
            },
            {
              "range": [41, 60],
              "contribution": 20,
              "description": "Loan to income ratio 4x to 5x"
            },
            {
              "range": [61, 100],
              "contribution": 35,
              "description": "Loan to income ratio above 5x"
            }
          ]
        }
      ]
    },
    {
      "category": "debt",
      "name": "Debt Burden",
      "description": "Evaluates the borrower's existing debt obligations",
      "weight": 0.20,
      "subFactors": [
        {
          "name": "Debt to Income Ratio",
          "weight": 0.08,
          "levels": [
            {
              "range": [0, 15],
              "contribution": 0,
              "description": "DTI ratio below 15%"
            },
            {
              "range": [16, 25],
              "contribution": 5,
              "description": "DTI ratio 15% to 25%"
            },
            {
              "range": [26, 35],
              "contribution": 10,
              "description": "DTI ratio 25% to 35%"
            },
            {
              "range": [36, 43],
              "contribution": 20,
              "description": "DTI ratio 35% to 43%"
            },
            {
              "range": [44, 100],
              "contribution": 35,
              "description": "DTI ratio above 43%"
            }
          ]
        },
        {
          "name": "Delinquency History",
          "weight": 0.07,
          "levels": [
            {
              "range": [0, 5],
              "contribution": 0,
              "description": "No delinquencies in past 7 years"
            },
            {
              "range": [6, 15],
              "contribution": 10,
              "description": "Minor delinquencies, fully recovered"
            },
            {
              "range": [16, 30],
              "contribution": 20,
              "description": "Recent delinquencies, 1-2 years ago"
            },
            {
              "range": [31, 50],
              "contribution": 35,
              "description": "Multiple delinquencies within 2 years"
            },
            {
              "range": [51, 100],
              "contribution": 50,
              "description": "Current delinquencies or collections"
            }
          ]
        },
        {
          "name": "Credit Utilization",
          "weight": 0.05,
          "levels": [
            {
              "range": [0, 10],
              "contribution": 0,
              "description": "Credit utilization below 10%"
            },
            {
              "range": [11, 30],
              "contribution": 5,
              "description": "Credit utilization 10% to 30%"
            },
            {
              "range": [31, 50],
              "contribution": 10,
              "description": "Credit utilization 30% to 50%"
            },
            {
              "range": [51, 75],
              "contribution": 20,
              "description": "Credit utilization 50% to 75%"
            },
            {
              "range": [76, 100],
              "contribution": 30,
              "description": "Credit utilization above 75%"
            }
          ]
        }
      ]
    },
    {
      "category": "assets",
      "name": "Asset Position",
      "description": "Evaluates the borrower's asset base and liquidity",
      "weight": 0.15,
      "subFactors": [
        {
          "name": "Liquid Assets",
          "weight": 0.06,
          "levels": [
            {
              "range": [0, 20],
              "contribution": 0,
              "description": "Liquid assets exceed 6 months of expenses"
            },
            {
              "range": [21, 35],
              "contribution": 5,
              "description": "Liquid assets cover 3-6 months of expenses"
            },
            {
              "range": [36, 50],
              "contribution": 10,
              "description": "Liquid assets cover 1-3 months of expenses"
            },
            {
              "range": [51, 70],
              "contribution": 20,
              "description": "Limited liquid assets, under 1 month"
            },
            {
              "range": [71, 100],
              "contribution": 30,
              "description": "Minimal or no liquid assets"
            }
          ]
        },
        {
          "name": "Asset Diversification",
          "weight": 0.05,
          "levels": [
            {
              "range": [0, 20],
              "contribution": 0,
              "description": "Highly diversified across asset classes"
            },
            {
              "range": [21, 40],
              "contribution": 5,
              "description": "Moderately diversified"
            },
            {
              "range": [41, 60],
              "contribution": 10,
              "description": "Some diversification"
            },
            {
              "range": [61, 80],
              "contribution": 15,
              "description": "Concentrated in single asset class"
            },
            {
              "range": [81, 100],
              "contribution": 20,
              "description": "Highly concentrated or single asset"
            }
          ]
        },
        {
          "name": "Asset Verification",
          "weight": 0.04,
          "levels": [
            {
              "range": [0, 10],
              "contribution": 0,
              "description": "Fully verified through attestation"
            },
            {
              "range": [11, 30],
              "contribution": 5,
              "description": "Verified through documentation"
            },
            {
              "range": [31, 50],
              "contribution": 10,
              "description": "Partially verified"
            },
            {
              "range": [51, 80],
              "contribution": 15,
              "description": "Self-reported with limited verification"
            },
            {
              "range": [81, 100],
              "contribution": 20,
              "description": "Unverified"
            }
          ]
        }
      ]
    },
    {
      "category": "history",
      "name": "Credit History",
      "description": "Evaluates the length and quality of credit history",
      "weight": 0.20,
      "subFactors": [
        {
          "name": "Credit History Length",
          "weight": 0.07,
          "levels": [
            {
              "range": [0, 15],
              "contribution": 0,
              "description": "Credit history 10+ years"
            },
            {
              "range": [16, 30],
              "contribution": 5,
              "description": "Credit history 7-10 years"
            },
            {
              "range": [31, 50],
              "contribution": 10,
              "description": "Credit history 3-7 years"
            },
            {
              "range": [51, 70],
              "contribution": 15,
              "description": "Credit history 1-3 years"
            },
            {
              "range": [71, 100],
              "contribution": 25,
              "description": "Credit history under 1 year"
            }
          ]
        },
        {
          "name": "Account Diversity",
          "weight": 0.05,
          "levels": [
            {
              "range": [0, 20],
              "contribution": 0,
              "description": "Diverse account types (mortgage, installment, revolving)"
            },
            {
              "range": [21, 40],
              "contribution": 5,
              "description": "Two account types"
            },
            {
              "range": [41, 60],
              "contribution": 10,
              "description": "Single account type with good history"
            },
            {
              "range": [61, 80],
              "contribution": 15,
              "description": "Limited account types"
            },
            {
              "range": [81, 100],
              "contribution": 20,
              "description": "Minimal or no credit history"
            }
          ]
        },
        {
          "name": "Recent Inquiries",
          "weight": 0.08,
          "levels": [
            {
              "range": [0, 10],
              "contribution": 0,
              "description": "Fewer than 2 inquiries in past 12 months"
            },
            {
              "range": [11, 25],
              "contribution": 5,
              "description": "2-4 inquiries in past 12 months"
            },
            {
              "range": [26, 40],
              "contribution": 10,
              "description": "5-6 inquiries in past 12 months"
            },
            {
              "range": [41, 60],
              "contribution": 20,
              "description": "7-10 inquiries in past 12 months"
            },
            {
              "range": [61, 100],
              "contribution": 30,
              "description": "More than 10 inquiries in past 12 months"
            }
          ]
        }
      ]
    },
    {
      "category": "verification",
      "name": "Verification Level",
      "description": "Evaluates the strength of identity and financial verification",
      "weight": 0.15,
      "subFactors": [
        {
          "name": "Identity Verification",
          "weight": 0.06,
          "levels": [
            {
              "range": [0, 10],
              "contribution": 0,
              "description": "Premium identity verification with multiple attestations"
            },
            {
              "range": [11, 25],
              "contribution": 5,
              "description": "Standard identity verification"
            },
            {
              "range": [26, 40],
              "contribution": 10,
              "description": "Basic identity verification"
            },
            {
              "range": [41, 60],
              "contribution": 15,
              "description": "Limited identity verification"
            },
            {
              "range": [61, 100],
              "contribution": 25,
              "description": "Minimal or disputed identity"
            }
          ]
        },
        {
          "name": "Financial Verification",
          "weight": 0.05,
          "levels": [
            {
              "range": [0, 15],
              "contribution": 0,
              "description": "Full financial verification through attestations"
            },
            {
              "range": [16, 30],
              "contribution": 5,
              "description": "Standard financial verification"
            },
            {
              "range": [31, 50],
              "contribution": 10,
              "description": "Partial financial verification"
            },
            {
              "range": [51, 70],
              "contribution": 15,
              "description": "Limited financial verification"
            },
            {
              "range": [71, 100],
              "contribution": 25,
              "description": "No financial verification"
            }
          ]
        },
        {
          "name": "Verification Recency",
          "weight": 0.04,
          "levels": [
            {
              "range": [0, 10],
              "contribution": 0,
              "description": "Verification within past 30 days"
            },
            {
              "range": [11, 30],
              "contribution": 3,
              "description": "Verification within past 90 days"
            },
            {
              "range": [31, 50],
              "contribution": 7,
              "description": "Verification within past 180 days"
            },
            {
              "range": [51, 80],
              "contribution": 12,
              "description": "Verification within past year"
            },
            {
              "range": [81, 100],
              "contribution": 20,
              "description": "Verification over 1 year old"
            }
          ]
        }
      ]
    },
    {
      "category": "behavior",
      "name": "Behavioral Factors",
      "description": "Evaluates behavioral indicators and external risk factors",
      "weight": 0.15,
      "subFactors": [
        {
          "name": "Tax Compliance",
          "weight": 0.06,
          "levels": [
            {
              "range": [0, 10],
              "contribution": 0,
              "description": "Current with all tax obligations"
            },
            {
              "range": [11, 25],
              "contribution": 10,
              "description": "Minor tax issues resolved"
            },
            {
              "range": [26, 40],
              "contribution": 20,
              "description": "Outstanding tax issues under payment plan"
            },
            {
              "range": [41, 60],
              "contribution": 35,
              "description": "Delinquent taxes without payment plan"
            },
            {
              "range": [61, 100],
              "contribution": 50,
              "description": "Active tax liens or levies"
            }
          ]
        },
        {
          "name": "Public Records",
          "weight": 0.05,
          "levels": [
            {
              "range": [0, 5],
              "contribution": 0,
              "description": "No public records"
            },
            {
              "range": [6, 20],
              "contribution": 15,
              "description": "Minor resolved public records"
            },
            {
              "range": [21, 40],
              "contribution": 30,
              "description": "Recent public records being resolved"
            },
            {
              "range": [41, 70],
              "contribution": 50,
              "description": "Active public records"
            },
            {
              "range": [71, 100],
              "contribution": 75,
              "description": "Severe public records (bankruptcy, judgments)"
            }
          ]
        },
        {
          "name": "External Data",
          "weight": 0.04,
          "levels": [
            {
              "range": [0, 15],
              "contribution": 0,
              "description": "Favorable external data signals"
            },
            {
              "range": [16, 35],
              "contribution": 5,
              "description": "Neutral external data signals"
            },
            {
              "range": [36, 55],
              "contribution": 10,
              "description": "Mixed external data signals"
            },
            {
              "range": [56, 75],
              "contribution": 20,
              "description": "Concerning external data signals"
            },
            {
              "range": [76, 100],
              "contribution": 30,
              "description": "Adverse external data signals"
            }
          ]
        }
      ]
    }
  ],
  "tierTransitionRules": {
    "autoPromotion": {
      "description:": "Conditions that automatically promote to higher tier",
      "conditions": [
        {
          "fromTier": "high",
          "toTier": "elevated",
          "requirement": "12 months of perfect payments and DTI below 35%"
        },
        {
          "fromTier": "elevated",
          "toTier": "moderate",
          "requirement": "24 months of good history and DTI below 30%"
        },
        {
          "fromTier": "moderate",
          "toTier": "low",
          "requirement": "36 months of excellent history and DTI below 25%"
        },
        {
          "fromTier": "low",
          "toTier": "minimal",
          "requirement": "60 months of excellent history and DTI below 20%"
        }
      ]
    },
    "autoDemotion": {
      "description": "Conditions that automatically demote to lower tier",
      "conditions": [
        {
          "fromTier": "minimal",
          "toTier": "low",
          "requirement": "Delinquency of 60+ days or DTI above 40%"
        },
        {
          "fromTier": "low",
          "toTier": "moderate",
          "requirement": "Delinquency of 90+ days or DTI above 43%"
        },
        {
          "fromTier": "moderate",
          "toTier": "elevated",
          "requirement": "Multiple 60+ day delinquencies or DTI above 45%"
        },
        {
          "fromTier": "elevated",
          "toTier": "high",
          "requirement": "Collections, judgment, or DTI above 50%"
        },
        {
          "fromTier": "high",
          "toTier": "critical",
          "requirement": "Bankruptcy or severe delinquency"
        }
      ]
    },
    "reviewTriggers": {
      "description": "Conditions that require manual review",
      "conditions": [
        "Any fraud indicator",
        "Significant income change (>30%)",
        "Major asset change (>40%)",
        "New public record",
        "Verification expiration",
        "Manual override request"
      ]
    }
  },
  "calculationConstants": {
    "defaultDTI": 0.43,
    "maxLTI": 5.0,
    "minCreditScore": 300,
    "maxCreditScore": 850
  }
}