{
  "$schema": "http://json-schema.org/draft-07/schema#",
  "title": "Richard's Credit Authority Registry",
  "description": "Registry configuration for the Richard's Credit Authority repository",
  "type": "object",
  "required": [
    "version",
    "lastUpdated",
    "authorities",
    "permissions",
    "governance"
  ],
  "properties": {
    "version": {
      "type": "string",
      "description": "Registry version identifier",
      "pattern": "^[0-9]+\\.[0-9]+\\.[0-9]+$"
    },
    "lastUpdated": {
      "type": "string",
      "format": "date-time",
      "description": "Timestamp of last registry update"
    },
    "authorities": {
      "type": "array",
      "description": "List of defined authority levels",
      "items": {
        "type": "object",
        "required": [
          "level",
          "name",
          "description",
          "approvalLimits"
        ],
        "properties": {
          "level": {
            "type": "integer",
            "minimum": 1,
            "maximum": 5
          },
          "name": {
            "type": "string",
            "description": "Authority level name"
          },
          "description": {
            "type": "string",
            "description": "Human-readable description of authority level"
          },
          "approvalLimits": {
            "type": "object",
            "description": "Approval limits for different transaction types",
            "properties": {
              "newCredit": {
                "type": "number",
                "description": "Maximum new credit approval authority"
              },
              "amendment": {
                "type": "number",
                "description": "Maximum amendment approval authority"
              },
              "disbursement": {
                "type": "number",
                "description": "Maximum disbursement approval authority"
              },
              "override": {
                "type": "number",
                "description": "Maximum override authority"
              }
            }
          },
          "capabilities": {
            "type": "array",
            "description": "List of capabilities at this authority level",
            "items": {
              "type": "string"
            }
          },
          "requirements": {
            "type": "object",
            "description": "Requirements to achieve this authority level",
            "properties": {
              "minTenure": {
                "type": "integer",
                "description": "Minimum months in previous role"
              },
              "training": {
                "type": "array",
                "description": "Required training courses"
              },
              "certifications": {
                "type": "array",
                "description": "Required certifications"
              }
            }
          }
        }
      }
    },
    "permissions": {
      "type": "object",
      "description": "Permission configuration",
      "required": [
        "roles",
        "actionCategories"
      ],
      "properties": {
        "roles": {
          "type": "array",
          "description": "Defined roles and their permissions",
          "items": {
            "type": "object",
            "required": [
              "id",
              "name",
              "permissions"
            ],
            "properties": {
              "id": {
                "type": "string",
                "description": "Unique role identifier"
              },
              "name": {
                "type": "string",
                "description": "Role display name"
              },
              "permissions": {
                "type": "array",
                "description": "Permission identifiers granted to this role",
                "items": {
                  "type": "string"
                }
              },
              "conditions": {
                "type": "object",
                "description": "Conditions that apply to role permissions"
              }
            }
          }
        },
        "actionCategories": {
          "type": "array",
          "description": "Categories of actions available in the system",
          "items": {
            "type": "object",
            "required": [
              "id",
              "name",
              "actions"
            ],
            "properties": {
              "id": {
                "type": "string",
                "description": "Category identifier"
              },
              "name": {
                "type": "string",
                "description": "Category display name"
              },
              "actions": {
                "type": "array",
                "description": "Actions in this category",
                "items": {
                  "type": "object",
                  "required": [
                    "id",
                    "name"
                  ],
                  "properties": {
                    "id": {
                      "type": "string",
                      "description": "Action identifier"
                    },
                    "name": {
                      "type": "string",
                      "description": "Action display name"
                    },
                    "riskLevel": {
                      "type": "string",
                      "enum": ["low", "medium", "high", "critical"]
                    },
                    "requiresDualApproval": {
                      "type": "boolean"
                    },
                    "requiresTaxValidation": {
                      "type": "boolean"
                    }
                  }
                }
              }
            }
          }
        }
      }
    },
    "governance": {
      "type": "object",
      "description": "Governance configuration",
      "required": [
        "workflows",
        "approvalChains",
        "auditRequirements"
      ],
      "properties": {
        "workflows": {
          "type": "array",
          "description": "Defined approval workflows",
          "items": {
            "type": "object",
            "required": [
              "id",
              "name",
              "type"
            ],
            "properties": {
              "id": {
                "type": "string",
                "description": "Workflow identifier"
              },
              "name": {
                "type": "string",
                "description": "Workflow display name"
              },
              "type": {
                "type": "string",
                "enum": ["application", "disbursement", "amendment", "tax"]
              },
              "stages": {
                "type": "array",
                "description": "Workflow stages in order"
              },
              "conditions": {
                "type": "object",
                "description": "Conditions that trigger this workflow"
              }
            }
          }
        },
        "approvalChains": {
          "type": "array",
          "description": "Defined approval chains for different scenarios",
          "items": {
            "type": "object",
            "required": [
              "id",
              "name",
              "steps"
            ],
            "properties": {
              "id": {
                "type": "string",
                "description": "Chain identifier"
              },
              "name": {
                "type": "string",
                "description": "Chain display name"
              },
              "steps": {
                "type": "array",
                "description": "Approval steps in order",
                "items": {
                  "type": "object",
                  "required": [
                    "order",
                    "authorityLevel"
                  ],
                  "properties": {
                    "order": {
                      "type": "integer",
                      "description": "Step order in chain"
                    },
                    "authorityLevel": {
                      "type": "integer",
                      "description": "Required authority level for this step"
                    },
                    "conditions": {
                      "type": "object",
                      "description": "Conditions for this step"
                    }
                  }
                }
              }
            }
          }
        },
        "auditRequirements": {
          "type": "object",
          "description": "Audit logging requirements",
          "properties": {
            "logAllDecisions": {
              "type": "boolean",
              "description": "Whether to log all approval decisions"
            },
            "logExceptions": {
              "type": "boolean",
              "description": "Whether to log all exception requests"
            },
            "retentionDays": {
              "type": "integer",
              "description": "Audit log retention period in days"
            }
          }
        }
      }
    },
    "linkedRepositories": {
      "type": "array",
      "description": "Repositories linked for cross-repository operations",
      "items": {
        "type": "object",
        "required": [
          "name",
          "url",
          "permissions"
        ],
        "properties": {
          "name": {
            "type": "string",
            "description": "Repository name"
          },
          "url": {
            "type": "string",
            "format": "uri",
            "description": "Repository URL"
          },
          "permissions": {
            "type": "array",
            "description": "Permissions for this repository"
          },
          "apiKey": {
            "type": "string",
            "description": "API key for authentication (optional)"
          }
        }
      }
    },
    "taxConfiguration": {
      "type": "object",
      "description": "Tax-related configuration",
      "properties": {
        "federalWithholdingRate": {
          "type": "number",
          "description": "Federal withholding rate"
        },
        "stateWithholdingRequired": {
          "type": "boolean",
          "description": "Whether state withholding applies"
        },
        "reportingThreshold": {
          "type": "number",
          "description": "Minimum amount requiring tax reporting"
        },
        "formTypes": {
          "type": "array",
          "description": "Tax form types used"
        }
      }
    },
    "riskControls": {
      "type": "object",
      "description": "Risk control thresholds and limits",
      "properties": {
        "singleTransactionLimit": {
          "type": "number",
          "description": "Maximum single transaction amount"
        },
        "dailyLimit": {
          "type": "number",
          "description": "Maximum daily transaction volume"
        },
        "exceptionLimit": {
          "type": "number",
          "description": "Maximum exception approval without escalation"
        },
        "monitoringThresholds": {
          "type": "object",
          "description": "Monitoring alert thresholds"
        }
      }
    }
  },
  "additionalProperties": false
}
