{
  "$schema": "http://json-schema.org/draft-07/schema#",
  "$id": "https://richards-credit-authority/governance/audit-log.schema.json",
  "title": "Audit Log Schema",
  "description": "Schema for audit logs in the Personal Credit Authority, ensuring comprehensive, tamper-evident logging of all significant operations",
  "type": "object",
  "required": [
    "version",
    "logId",
    "timestamp",
    "eventType",
    "actor",
    "action",
    "resource"
  ],
  "properties": {
    "version": {
      "type": "string",
      "pattern": "^[0-9]+\\.[0-9]+\\.[0-9]+$",
      "description": "Schema version following semantic versioning"
    },
    "logId": {
      "type": "string",
      "pattern": "^[0-9a-f]{8}-[0-9a-f]{4}-4[0-9a-f]{3}-[89ab][0-9a-f]{3}-[0-9a-f]{12}$",
      "description": "UUID v4 identifier for this audit log entry"
    },
    "previousLogId": {
      "type": "string",
      "pattern": "^[0-9a-f]{8}-[0-9a-f]{4}-4[0-9a-f]{3}-[89ab][0-9a-f]{3}-[0-9a-f]{12}$",
      "description": "Link to previous log entry for chain integrity"
    },
    "timestamp": {
      "type": "string",
      "pattern": "^[0-9]{4}-[0-9]{2}-[0-9]{2}T[0-9]{2}:[0-9]{2}:[0-9]{2}\\.[0-9]{3}Z$",
      "description": "ISO 8601 timestamp with millisecond precision"
    },
    "eventType": {
      "type": "string",
      "enum": [
        "identity_created",
        "identity_updated",
        "identity_verified",
        "identity_suspended",
        "identity_revoked",
        "identity_deleted",
        "attestation_received",
        "attestation_revoked",
        "authority_calculated",
        "authority_updated",
        "authority_expired",
        "lending_requested",
        "lending_approved",
        "lending_denied",
        "lending_disbursed",
        "lending_repaid",
        "lending_defaulted",
        "permission_granted",
        "permission_revoked",
        "role_assigned",
        "role_removed",
        "governance_created",
        "governance_updated",
        "governance_approved",
        "freeze_initiated",
        "freeze_lifted",
        "override_executed",
        "multisig_approved",
        "multisig_rejected",
        "system_config_changed",
        "security_event",
        "compliance_event",
        "api_access",
        "data_export",
        "user_login",
        "user_logout",
        "password_changed",
        "api_key_created",
        "api_key_revoked",
        "webhook_received",
        "webhook_processed",
        "webhook_failed",
        "automation_executed",
        "automation_failed",
        "error_occurred"
      ],
      "description": "Type of event being logged"
    },
    "eventCategory": {
      "type": "string",
      "enum": ["identity", "authority", "permission", "governance", "security", "system", "data"],
      "description": "Category of the event for filtering and analysis"
    },
    "severity": {
      "type": "string",
      "enum": ["debug", "info", "warning", "error", "critical"],
      "description": "Severity level of the event"
    },
    "actor": {
      "type": "object",
      "required": ["actorId", "actorType"],
      "properties": {
        "actorId": {
          "type": "string",
          "description": "Unique identifier for the actor (UUID, username, or system ID)"
        },
        "actorType": {
          "type": "string",
          "enum": ["user", "system", "api_client", "webhook", "automation", "admin"]
        },
        "actorName": {
          "type": "string",
          "description": "Human-readable name or description"
        },
        "actorRole": {
          "type": "string",
          "description": "Role of the actor at time of action"
        },
        "sessionId": {
          "type": "string",
          "description": "Session identifier if applicable"
        },
        "ipAddress": {
          "type": "string",
          "pattern": "^[0-9]{1,3}\\.[0-9]{1,3}\\.[0-9]{1,3}\\.[0-9]{1,3}$",
          "description": "IP address of the actor"
        },
        "userAgent": {
          "type": "string",
          "description": "User agent string if applicable"
        },
        "location": {
          "type": "string",
          "description": "Geographic location if available"
        }
      }
    },
    "action": {
      "type": "object",
      "required": ["actionId", "actionType", "description"],
      "properties": {
        "actionId": {
          "type": "string",
          "description": "Unique identifier for this specific action"
        },
        "actionType": {
          "type": "string",
          "enum": ["create", "read", "update", "delete", "execute", "approve", "reject", "login", "logout", "export", "import"]
        },
        "description": {
          "type": "string",
          "description": "Human-readable description of the action"
        },
        "reason": {
          "type": "string",
          "description": "Reason or justification for the action"
        },
        "justification": {
          "type": "string",
          "description": "Detailed justification for significant actions"
        },
        "method": {
          "type": "string",
          "description": "API method or interface used"
        },
        "endpoint": {
          "type": "string",
          "description": "API endpoint accessed"
        },
        "requestId": {
          "type": "string",
          "description": "Correlation ID for the request"
        }
      }
    },
    "resource": {
      "type": "object",
      "required": ["resourceId", "resourceType"],
      "properties": {
        "resourceId": {
          "type": "string",
          "description": "Unique identifier of the resource affected"
        },
        "resourceType": {
          "type": "string",
          "enum": ["identity", "identity_manifest", "attestation", "authority", "lending_record", "permission", "role", "governance_rule", "audit_log", "system_config", "api_key", "webhook_config", "automation_script", "documentation", "user"]
        },
        "resourceName": {
          "type": "string",
          "description": "Human-readable name of the resource"
        },
        "resourcePath": {
          "type": "string",
          "description": "Path or location of the resource in the system"
        },
        "previousState": {
          "type": "object",
          "description": "State of the resource before the action (for updates)"
        },
        "currentState": {
          "type": "object",
          "description": "State of the resource after the action"
        },
        "changes": {
          "type": "array",
          "items": {
            "type": "object",
            "properties": {
              "field": { "type": "string" },
              "previousValue": {},
              "currentValue": {}
            }
          },
          "description": "List of specific changes made"
        }
      }
    },
    "outcome": {
      "type": "object",
      "required": ["result"],
      "properties": {
        "result": {
          "type": "string",
          "enum": ["success", "failure", "partial", "pending", "cancelled"]
        },
        "errorCode": {
          "type": "string",
          "description": "Error code if result is failure"
        },
        "errorMessage": {
          "type": "string",
          "description": "Error message if result is failure"
        },
        "errorDetails": {
          "type": "object",
          "description": "Additional error details"
        },
        "affectedRecords": {
          "type": "integer",
          "description": "Number of records affected"
        },
        "processingTime": {
          "type": "integer",
          "description": "Processing time in milliseconds"
        }
      }
    },
    "securityContext": {
      "type": "object",
      "properties": {
        "authenticationMethod": {
          "type": "string",
          "enum": ["password", "mfa", "api_key", "oauth", "crypto_signature", "session"]
        },
        "mfaUsed": {
          "type": "boolean",
          "description": "Whether MFA was used"
        },
        "mfaType": {
          "type": "string",
          "description": "Type of MFA used"
        },
        "riskScore": {
          "type": "number",
          "description": "Risk score assigned to this action"
        },
        "riskFactors": {
          "type": "array",
          "items": { "type": "string" }
        },
        "fraudIndicators": {
          "type": "array",
          "items": { "type": "string" }
        }
      }
    },
    "complianceContext": {
      "type": "object",
      "properties": {
        "regulatoryRequirements": {
          "type": "array",
          "items": { "type": "string" }
        },
        "complianceChecks": {
          "type": "array",
          "items": {
            "type": "object",
            "properties": {
              "check": { "type": "string" },
              "result": { "type": "string" },
              "details": { "type": "string" }
            }
          }
        },
        "dataClassification": {
          "type": "string",
          "enum": ["public", "internal", "confidential", "restricted"]
        },
        "consentVerified": {
          "type": "boolean",
          "description": "Whether appropriate consent was verified"
        },
        "retentionPolicy": {
          "type": "string",
          "description": "Retention policy applied to this data"
        }
      }
    },
    "chainIntegrity": {
      "type": "object",
      "required": ["hash"],
      "properties": {
        "hash": {
          "type": "string",
          "pattern": "^[a-fA-F0-9]{64}$",
          "description": "SHA-256 hash of this log entry"
        },
        "previousHash": {
          "type": "string",
          "pattern": "^[a-fA-F0-9]{64}$",
          "description": "Hash of the previous log entry"
        },
        "merkleRoot": {
          "type": "string",
          "pattern": "^[a-fA-F0-9]{64}$",
          "description": "Merkle root for this entry (for batch operations)"
        },
        "signature": {
          "type": "string",
          "description": "Cryptographic signature of this entry"
        },
        "signedBy": {
          "type": "string",
          "description": "ID of the entity that signed this entry"
        },
        "signatureType": {
          "type": "string",
          "enum": ["secp256k1", "ed25519", "rsa4096"]
        },
        "verificationStatus": {
          "type": "string",
          "enum": ["valid", "invalid", "pending", "expired"]
        }
      }
    },
    "metadata": {
      "type": "object",
      "properties": {
        "schemaVersion": {
          "type": "string",
          "description": "Version of the audit log schema"
        },
        "systemVersion": {
          "type": "string",
          "description": "Version of the Personal Credit Authority system"
        },
        "environment": {
          "type": "string",
          "enum": ["development", "staging", "production"]
        },
        "source": {
          "type": "string",
          "description": "Component or service that generated this entry"
        },
        "correlationId": {
          "type": "string",
          "description": "Correlation ID for distributed tracing"
        },
        "batchId": {
          "type": "string",
          "description": "Batch ID if part of batch operation"
        },
        "tags": {
          "type": "array",
          "items": { "type": "string" }
        },
        "customFields": {
          "type": "object",
          "additionalProperties": true
        }
      }
    }
  },
  "additionalProperties": false
}