{
  "$schema": "https://json-schema.org/draft/2020-12/schema#",
  "$id": "https://richards-credit-authority/governance/tax-first-governance-rules.json",
  "title": "Tax-First Governance Rules",
  "description": "Machine-readable tax-first rules implementing the governance principle that tax obligations take absolute priority over all financial activities",
  "version": "1.0.0",
  "effectiveDate": "2024-01-01",
  "lastUpdated": "2024-01-01",
  "principle": {
    "statement": "Tax obligations shall take absolute priority over all other financial activities within the Personal Credit Authority system. No operation, calculation, or decision shall enable activities that would compromise the identity holder's ability to meet their tax obligations.",
    "source": "Personal Credit Authority Governance Framework",
    "implementation": "These rules codify the tax-first principle in machine-readable format for automated enforcement"
  },
  "priorityStructure": {
    "federal": {
      "level": 1,
      "priority": 1.0,
      "description": "Federal tax obligations receive highest priority",
      "jurisdictions": ["federal"],
      "multiplier": 1.25,
      "deductionSequence": "first"
    },
    "state": {
      "level": 2,
      "priority": 0.8,
      "description": "State tax obligations receive second priority",
      "jurisdictions": ["state"],
      "multiplier": 1.15,
      "deductionSequence": "second"
    },
    "local": {
      "level": 3,
      "priority": 0.6,
      "description": "Local tax obligations receive third priority",
      "jurisdictions": ["local", "municipal", "county"],
      "multiplier": 1.0,
      "deductionSequence": "third"
    },
    "payroll": {
      "level": 4,
      "priority": 0.5,
      "description": "Payroll tax obligations for self-employed",
      "jurisdictions": ["payroll"],
      "multiplier": 1.0,
      "deductionSequence": "concurrent"
    }
  },
  "taxTypes": {
    "income": {
      "description": "Income taxes on wages, business income, investments",
      "calculation": "Based on taxable income per jurisdiction rules",
      "verification": ["tax_return", "withholding_statement", "estimated_payment_record"],
      "complianceIndicators": [
        "Returns filed for all required years",
        "Payments current or under approved plan",
        "No active liens or levies"
      ]
    },
    "selfEmployment": {
      "description": "Self-employment tax for business owners and freelancers",
      "calculation": "15.3% of self-employment income up to wage base",
      "verification": ["schedule_se", "quarterly_estimates"],
      "complianceIndicators": [
        "Quarterly estimated payments current",
        "Annual SE tax reported correctly"
      ]
    },
    "property": {
      "description": "Taxes on real and personal property",
      "calculation": "Based on assessed value and local rates",
      "verification": ["tax_assessment", "payment_receipts"],
      "complianceIndicators": [
        "Current tax status verified",
        "No delinquent property taxes"
      ]
    },
    "capitalGains": {
      "description": "Taxes on investment gains and asset sales",
      "calculation": "Based on gain amount and holding period",
      "verification": ["brokerage_statement", "tax_return"],
      "complianceIndicators": [
        "Gains properly reported",
        "Estimated payments current for large gains"
      ]
    }
  },
  "calculationRules": {
    "grossCapacityCalculation": {
      "order": 1,
      "description": "Calculate gross lending capacity before tax deductions",
      "formula": "(VerifiedNetIncome × IncomeMultiplier) + (LiquidAssets × AssetMultiplier)",
      "incomeMultiplier": {
        "minimalVerification": 2.0,
        "basicVerification": 2.5,
        "standardVerification": 3.0,
        "enhancedVerification": 3.5,
        "premiumVerification": 4.0
      },
      "assetMultiplier": {
        "cash": 0.8,
        "securities": 0.7,
        "realEstate": 0.5,
        "retirement": 0.3,
        "crypto": 0.5,
        "other": 0.2
      }
    },
    "taxDeductionCalculation": {
      "order": 2,
      "description": "Calculate tax obligations to deduct from gross capacity",
      "formula": "Sum of (TaxLiability × PriorityMultiplier × JurisdictionFactor) for all jurisdictions",
      "priorityMultiplier": {
        "federal": 1.25,
        "state": 1.15,
        "local": 1.0,
        "payroll": 1.0
      },
      "jurisdictionFactor": {
        "taxingState": 1.0,
        "nonTaxingState": 0.0,
        "multipleJurisdictions": "Sum of all applicable jurisdictions"
      },
      "minimumDeduction": 10000,
      "maximumDeduction": "Uncapped"
    },
    "capacityAfterTax": {
      "order": 3,
      "description": "Calculate capacity after tax deductions",
      "formula": "GrossCapacity - TaxDeduction - DebtServiceDeduction + RiskAdjustment",
      "debtServiceDeduction": {
        "formula": "min(ActualMonthlyDebt, MaxAllowableMonthlyDebt) × 12",
        "maxAllowableMonthlyDebt": "NetMonthlyIncome × 0.43"
      },
      "riskAdjustment": {
        "minimalRisk": "+25%",
        "lowRisk": "+15%",
        "moderateRisk": "0%",
        "elevatedRisk": "-15%",
        "highRisk": "-35%",
        "criticalRisk": "-60%"
      }
    }
  },
  "limitsAndRatios": {
    "loanToIncomeRatio": {
      "description": "Maximum loan amount as multiple of verified net income",
      "limits": {
        "minimalVerification": 2.0,
        "basicVerification": 2.5,
        "standardVerification": 3.0,
        "enhancedVerification": 4.0,
        "premiumVerification": 5.0
      },
      "calculation": "TotalLoanAmount / AnnualNetIncome"
    },
    "loanToTaxRatio": {
      "description": "Maximum loan amount as multiple of annual tax liability",
      "baseLimit": 15.0,
      "complianceAdjustments": {
        "currentCompliance": 15.0,
        "partialCompliance": 10.0,
        "delinquent": 5.0,
        "disputed": 3.0,
        "default": 1.0
      },
      "calculation": "TotalLoanAmount / AnnualTaxLiability"
    },
    "debtToIncomeRatio": {
      "description": "Total debt payments as percentage of gross income",
      "limit": 0.43,
      "calculation": "TotalMonthlyDebtPayments / GrossMonthlyIncome"
    },
    "loanToValueRatio": {
      "description": "Loan amount as percentage of collateral value",
      "limits": {
        "cashCollateral": 0.95,
        "securitiesCollateral": 0.80,
        "realEstateCollateral": 0.80,
        "cryptoCollateral": 0.50
      },
      "calculation": "LoanAmount / CollateralValue"
    }
  },
  "complianceStatusRules": {
    "current": {
      "description": "All tax obligations are current and paid",
      "indicators": [
        "Returns filed for current and prior 3 years",
        "No outstanding balances",
        "No collection actions",
        "Payment plan status: not applicable"
      ],
      "capacityMultiplier": 1.0,
      "approvalPriority": "standard"
    },
    "partial": {
      "description": "Some tax obligations under payment plan",
      "indicators": [
        "Active payment plan in good standing",
        "Payments current under plan",
        "Plan approved by taxing authority",
        "Progress being made toward resolution"
      ],
      "capacityMultiplier": 0.85,
      "approvalPriority": "review",
      "additionalRequirements": [
        "Payment plan documentation",
        "Proof of current payments",
        "Remaining balance calculation"
      ]
    },
    "delinquent": {
      "description": "Tax obligations are past due",
      "indicators": [
        "Outstanding balance with taxing authority",
        "No active payment plan",
        "No active collection action",
        "Over 30 days past due"
      ],
      "capacityMultiplier": 0.70,
      "approvalPriority": "enhanced_review",
      "additionalRequirements": [
        "Explanation of delinquency",
        "Collection status verification",
        "Remediation plan"
      ]
    },
    "disputed": {
      "description": "Tax obligations are under formal dispute",
      "indicators": [
        "Formal dispute filed with taxing authority",
        "Dispute under review",
        "No payment required during dispute (in some jurisdictions)",
        "Outcome pending"
      ],
      "capacityMultiplier": 0.50,
      "approvalPriority": "enhanced_review",
      "additionalRequirements": [
        "Dispute documentation",
        "Legal representation verification",
        "Estimated liability calculation"
      ]
    },
    "default": {
      "description": "Tax obligations are in default or active collection",
      "indicators": [
        "Active collection action",
        "Levy or lien in place",
        "Bankruptcy filing",
        "Judgment entered"
      ],
      "capacityMultiplier": 0.25,
      "approvalPriority": "restricted",
      "additionalRequirements": [
        "Full compliance review",
        "Legal counsel involvement",
        "Guarantor or collateral required"
      ]
    }
  },
  "verificationRequirements": {
    "frequency": "Annual minimum, quarterly recommended for active borrowers",
    "documentation": [
      {
        "type": "federal_tax_return",
        "recency": "Within 24 months",
        "requiredFor": ["current", "partial", "delinquent"]
      },
      {
        "type": "state_tax_return",
        "recency": "Within 24 months",
        "requiredFor": ["current", "partial", "delinquent"]
      },
      {
        "type": "tax_transcript",
        "recency": "Within 90 days",
        "requiredFor": ["all"]
      },
      {
        "type": "account_status_letter",
        "recency": "Within 60 days",
        "requiredFor": ["partial", "delinquent", "disputed", "default"]
      },
      {
        "type": "payment_plan_agreement",
        "recency": "Within 90 days",
        "requiredFor": ["partial"]
      }
    ],
    "validation": [
      "Verify document authenticity",
      "Cross-reference with taxing authority when possible",
      "Calculate expected liability vs reported",
      "Check for discrepancies requiring explanation"
    ]
  },
  "enforcementRules": {
    "taxComplianceFailure": {
      "level": "critical",
      "response": [
        "Freeze lending capacity calculation",
        "Notify compliance officer",
        "Require immediate verification update",
        "Suspend new lending until resolved"
      ],
      "escalation": "Founder notification within 24 hours"
    },
    "verificationExpiration": {
      "level": "high",
      "response": [
        "Send notification to identity holder",
        "Reduce verification level temporarily",
        "Apply conservative capacity calculations",
        "Allow 30-day grace period for renewal"
      ],
      "escalation": "After 60 days, reduce capacity by 25%"
    },
    "complianceStatusChange": {
      "level": "high",
      "response": [
        "Recalculate capacity immediately",
        "Notify all affected parties",
        "Adjust limits based on new status",
        "Document change in audit log"
      ],
      "escalation": "Status downgrade triggers immediate review"
    },
    "falseOrMisleadingInformation": {
      "level": "critical",
      "response": [
        "Immediate capacity suspension",
        "Full investigation by compliance officer",
        "Potential revocation of verification",
        "Legal referral if warranted"
      ]
    }
  },
  "calculationSequence": {
    "step1": {
      "action": "Identify applicable tax jurisdictions",
      "output": "List of jurisdictions with tax authority"
    },
    {
      "step": 2,
      "action": "Calculate tax liability for each jurisdiction",
      "output": "Tax amount by jurisdiction"
    },
    {
      "step": 3,
      "action": "Apply priority multipliers",
      "output": "Priority-adjusted tax amounts"
    },
    {
      "step": 4,
      "action": "Calculate total tax deduction",
      "output": "Sum of priority-adjusted amounts with minimum floor"
    },
    {
      "step": 5,
      "action": "Calculate gross capacity",
      "output": "Income and asset based capacity"
    },
    {
      "step": 6,
      "action": "Apply tax deduction",
      "output": "Capacity after tax"
    },
    {
      "step": 7,
      "action": "Apply debt service deduction",
      "output": "Capacity after debt service"
    },
    {
      "step": 8,
      "action": "Apply risk adjustment",
      "output": "Adjusted capacity"
    },
    {
      "step": 9,
      "action": "Apply regulatory limits",
      "output": "Final capacity with limits"
    },
    {
      "step": 10,
      "action": "Apply tax-first ratio limit",
      "output": "Final lending capacity"
    }
  },
  "integrationPoints": {
    "identitySystem": {
      "input": ["residency", "taxJurisdiction", "filingStatus"],
      "output": ["taxJurisdictions"]
    },
    "authoritySystem": {
      "input": ["taxDeduction", "complianceStatus"],
      "output": ["lendingCapacity"]
    },
    "permissionSystem": {
      "input": ["taxComplianceVerification"],
      "output": ["verificationLevel"]
    },
    "auditSystem": {
      "input": ["allCalculationInputs", "outputs", "complianceStatus"],
      "output": ["auditLogEntry"]
    }
  },
  "auditRequirements": {
    "logAllCalculations": true,
    "logInputs": true,
    "logOutputs": true,
    "logComplianceStatus": true,
    "retentionPeriod": 2555,
    "accessLevel": ["auditor", "compliance_officer", "founder"]
  },
  "machineReadableValidation": {
    "schemaValidation": true,
    "constraintValidation": true,
    "crossFieldValidation": true,
    "externalVerification": ["IRS TIN Match", "State Tax Databases"]
  }
}