{
  "$schema": "http://json-schema.org/draft-07/schema#",
  "$id": "https://raw.githubusercontent.com/RickCreator87/richards-credit-authority/main/permission/permission-schema.json",
  "title": "Permission Schema for Richard's Credit Authority",
  "description": "JSON schema for validating all permission files",
  "version": "1.0.0",
  "type": "object",
  "definitions": {
    "role_definition": {
      "type": "object",
      "properties": {
        "authority_level": {
          "type": "integer",
          "minimum": 1,
          "maximum": 100
        },
        "description": {
          "type": "string",
          "minLength": 1,
          "maxLength": 500
        },
        "permissions": {
          "type": "array",
          "items": {
            "oneOf": [
              {
                "type": "string",
                "enum": [
                  "approve_any_loan",
                  "deny_any_loan",
                  "approve_tax_events",
                  "approve_milestone_exceptions",
                  "override_risk_controls",
                  "modify_permission_matrix",
                  "modify_governance_rules",
                  "audit_all_transactions",
                  "sync_cross_repo",
                  "modify_approval_thresholds",
                  "flag_for_review",
                  "view_ledger",
                  "submit_loan_request",
                  "verify_identity",
                  "flag_compliance_issues",
                  "validate_loan_request",
                  "sync_ledger",
                  "update_authority_status",
                  "run_tax_check"
                ]
              },
              {
                "type": "object",
                "properties": {
                  "permission": {
                    "type": "string"
                  },
                  "limit": {
                    "type": "number"
                  }
                },
                "required": ["permission", "limit"]
              }
            ]
          },
          "minItems": 1
        },
        "requires_dual_approval": {
          "type": "boolean",
          "default": false
        }
      },
      "required": ["authority_level", "description", "permissions"],
      "additionalProperties": false
    },
    "action_definition": {
      "type": "object",
      "properties": {
        "requires_authority_level": {
          "type": "integer",
          "minimum": 1,
          "maximum": 100
        },
        "requires_dual_approval": {
          "type": "boolean",
          "default": false
        },
        "milestone_required": {
          "type": "boolean",
          "default": false
        },
        "milestone_threshold": {
          "type": "integer",
          "minimum": 0
        },
        "tax_validation_required": {
          "type": "boolean",
          "default": false
        },
        "cross_repo_sync": {
          "type": "array",
          "items": {
            "type": "string",
            "enum": ["loaner-ledger", "agreements", "credit-tools", "loan-disbursement"]
          }
        }
      },
      "required": ["requires_authority_level"],
      "additionalProperties": false
    },
    "threshold_definition": {
      "type": "object",
      "properties": {
        "max_amount": {
          "type": "number",
          "minimum": 0
        },
        "required_authority": {
          "type": "integer",
          "minimum": 1,
          "maximum": 100
        },
        "fast_track": {
          "type": "boolean",
          "default": false
        },
        "requires_dual_approval": {
          "type": "boolean",
          "default": false
        }
      },
      "required": ["max_amount", "required_authority"],
      "additionalProperties": false
    },
    "escalation_rule": {
      "type": "object",
      "properties": {
        "condition": {
          "type": "string",
          "pattern": "^(loan_amount|tax_complication|risk_score)\\s*(>|<|>=|<=|==|!=)\\s*.+$"
        },
        "action": {
          "type": "string",
          "enum": ["require_milestone_approval", "require_dual_approval", "require_tax_validation", "flag_for_manual_review"]
        },
        "escalate_to": {
          "type": "string",
          "enum": ["richard_founder", "richard_admin", "richard_officer"]
        }
      },
      "required": ["condition", "action"],
      "additionalProperties": false
    },
    "allowed_action": {
      "type": "object",
      "properties": {
        "action": {
          "type": "string"
        },
        "conditions": {
          "type": "array",
          "items": {
            "type": "string"
          },
          "minItems": 1
        },
        "requires_audit": {
          "type": "boolean",
          "default": false
        },
        "auto_notify": {
          "type": "boolean",
          "default": false
        }
      },
      "required": ["action", "conditions"],
      "additionalProperties": false
    },
    "restricted_action": {
      "type": "object",
      "properties": {
        "action": {
          "type": "string"
        },
        "description": {
          "type": "string"
        },
        "threshold_amount": {
          "type": "number",
          "minimum": 0
        },
        "required_approvers": {
          "type": "integer",
          "minimum": 1
        },
        "approver_types": {
          "type": "array",
          "items": {
            "type": "string",
            "enum": ["richard_founder", "richard_admin"]
          },
          "minItems": 1
        },
        "escalation_path": {
          "type": "string"
        },
        "documentation_required": {
          "type": "array",
          "items": {
            "type": "string"
          },
          "minItems": 1
        },
        "time_delay_hours": {
          "type": "integer",
          "minimum": 0
        },
        "override_possible": {
          "type": "boolean",
          "default": false
        },
        "requires_version_bump": {
          "type": "boolean",
          "default": false
        }
      },
      "required": ["action", "description", "required_approvers"],
      "additionalProperties": false
    },
    "tax_validation_rule": {
      "type": "object",
      "properties": {
        "action": {
          "type": "string"
        },
        "conditions": {
          "type": "string"
        },
        "tax_validation_types": {
          "type": "array",
          "items": {
            "type": "string",
            "enum": [
              "federal_income_tax",
              "state_tax_compliance",
              "local_tax_implications",
              "federal_tax_withholding",
              "state_tax_withholding",
              "local_jurisdiction_tax",
              "withholding_tax_requirements",
              "federal_tax_implications",
              "state_tax_recalculation",
              "interest_deductibility_analysis"
            ]
          },
          "minItems": 1
        },
        "validation_provider": {
          "type": "string",
          "enum": ["internal_tax_engine", "external_tax_service"]
        },
        "expires_after_days": {
          "type": "integer",
          "minimum": 1
        },
        "renewal_required": {
          "type": "boolean",
          "default": false
        }
      },
      "required": ["action", "tax_validation_types", "validation_provider"],
      "additionalProperties": false
    },
    "repository_config": {
      "type": "object",
      "properties": {
        "repository_url": {
          "type": "string",
          "format": "uri"
        },
        "repository_type": {
          "type": "string",
          "enum": ["data-store", "document-store", "utility", "action-service"]
        },
        "sync_direction": {
          "type": "string",
          "enum": ["unidirectional", "bidirectional", "outbound"]
        },
        "authentication_method": {
          "type": "string",
          "enum": ["github_token", "oauth", "ssh_key"]
        },
        "required_scopes": {
          "type": "array",
          "items": {
            "type": "string"
          }
        },
        "rate_limit": {
          "type": "object",
          "properties": {
            "requests_per_hour": {
              "type": "integer",
              "minimum": 1
            },
            "burst_limit": {
              "type": "integer",
              "minimum": 1
            }
          },
          "required": ["requests_per_hour", "burst_limit"],
          "additionalProperties": false
        }
      },
      "required": ["repository_url", "repository_type", "sync_direction"],
      "additionalProperties": false
    },
    "cross_repo_action": {
      "type": "object",
      "properties": {
        "action": {
          "type": "string"
        },
        "source_repo": {
          "type": "string",
          "enum": ["credit-authority", "loaner-ledger", "agreements", "credit-tools", "loan-disbursement"]
        },
        "target_repos": {
          "type": "array",
          "items": {
            "type": "string",
            "enum": ["loaner-ledger", "agreements", "credit-tools", "loan-disbursement"]
          },
          "minItems": 1
        },
        "trigger_condition": {
          "type": "string"
        },
        "data_flow": {
          "type": "string",
          "enum": ["forward", "bidirectional"]
        },
        "required_approvals": {
          "type": "integer",
          "minimum": 0
        },
        "retry_policy": {
          "type": "object",
          "properties": {
            "max_retries": {
              "type": "integer",
              "minimum": 0
            },
            "retry_delay_seconds": {
              "type": "integer",
              "minimum": 0
            },
            "backoff_multiplier": {
              "type": "number",
              "minimum": 1
            }
          },
          "required": ["max_retries", "retry_delay_seconds", "backoff_multiplier"],
          "additionalProperties": false
        }
      },
      "required": ["action", "source_repo", "target_repos", "trigger_condition"],
      "additionalProperties": false
    },
    "security_config": {
      "type": "object",
      "properties": {
        "token_management": {
          "type": "object",
          "properties": {
            "token_type": {
              "type": "string"
            },
            "rotation_period_days": {
              "type": "integer",
              "minimum": 1
            },
            "max_tokens_per_repo": {
              "type": "integer",
              "minimum": 1
            },
            "require_encryption": {
              "type": "boolean"
            }
          },
          "required": ["token_type", "rotation_period_days"],
          "additionalProperties": false
        },
        "webhook_security": {
          "type": "object",
          "properties": {
            "signature_algorithm": {
              "type": "string"
            },
            "secret_rotation_days": {
              "type": "integer",
              "minimum": 1
            },
            "require_timestamp_validation": {
              "type": "boolean"
            },
            "max_payload_size_mb": {
              "type": "number",
              "minimum": 1
            }
          },
          "required": ["signature_algorithm"],
          "additionalProperties": false
        },
        "data_transmission": {
          "type": "object",
          "properties": {
            "encryption": {
              "type": "string"
            },
            "compression": {
              "type": "string"
            },
            "checksum_algorithm": {
              "type": "string"
            }
          },
          "required": ["encryption", "checksum_algorithm"],
          "additionalProperties": false
        },
        "access_control": {
          "type": "object",
          "properties": {
            "ip_whitelist_enabled": {
              "type": "boolean"
            },
            "require_mfa": {
              "type": "boolean"
            },
            "session_timeout_minutes": {
              "type": "integer",
              "minimum": 1
            },
            "max_concurrent_sessions": {
              "type": "integer",
              "minimum": 1
            }
          },
          "required": ["require_mfa", "session_timeout_minutes"],
          "additionalProperties": false
        }
      },
      "required": ["token_management", "webhook_security", "data_transmission", "access_control"],
      "additionalProperties": false
    }
  },
  "allOf": [
    {
      "if": {
        "properties": {
          "schema_version": {
            "const": "1.0.0"
          }
        },
        "required": ["schema_version"]
      },
      "then": {
        "properties": {
          "roles": {
            "type": "object",
            "patternProperties": {
              "^(richard_founder|richard_admin|richard_officer|auditor|system_service)$": {
                "$ref": "#/definitions/role_definition"
              }
            },
            "minProperties": 1
          },
          "actions": {
            "type": "object",
            "additionalProperties": {
              "$ref": "#/definitions/action_definition"
            },
            "minProperties": 1
          },
          "thresholds": {
            "type": "object",
            "additionalProperties": {
              "$ref": "#/definitions/threshold_definition"
            }
          },
          "escalation_rules": {
            "type": "array",
            "items": {
              "$ref": "#/definitions/escalation_rule"
            }
          }
        }
      }
    },
    {
      "if": {
        "properties": {
          "schema_version": {
            "const": "1.0.0"
          }
        },
        "required": ["schema_version"]
      },
      "then": {
        "properties": {
          "founder_allowed_actions": {
            "type": "array",
            "items": {
              "$ref": "#/definitions/allowed_action"
            }
          },
          "admin_allowed_actions": {
            "type": "array",
            "items": {
              "$ref": "#/definitions/allowed_action"
            }
          },
          "officer_allowed_actions": {
            "type": "array",
            "items": {
              "$ref": "#/definitions/allowed_action"
            }
          },
          "auditor_allowed_actions": {
            "type": "array",
            "items": {
              "$ref": "#/definitions/allowed_action"
            }
          },
          "system_service_allowed_actions": {
            "type": "array",
            "items": {
              "$ref": "#/definitions/allowed_action"
            }
          }
        }
      }
    },
    {
      "if": {
        "properties": {
          "schema_version": {
            "const": "1.0.0"
          }
        },
        "required": ["schema_version"]
      },
      "then": {
        "properties": {
          "dual_approval_required": {
            "type": "array",
            "items": {
              "$ref": "#/definitions/restricted_action"
            }
          },
          "tax_validation_required": {
            "type": "array",
            "items": {
              "$ref": "#/definitions/tax_validation_rule"
            }
          }
        }
      }
    },
    {
      "if": {
        "properties": {
          "schema_version": {
            "const": "1.0.0"
          }
        },
        "required": ["schema_version"]
      },
      "then": {
        "properties": {
          "repositories": {
            "type": "object",
            "properties": {
              "loaner-ledger": {
                "$ref": "#/definitions/repository_config"
              },
              "agreements": {
                "$ref": "#/definitions/repository_config"
              },
              "credit-tools": {
                "$ref": "#/definitions/repository_config"
              },
              "loan-disbursement": {
                "$ref": "#/definitions/repository_config"
              }
            },
            "required": ["loaner-ledger", "agreements", "credit-tools", "loan-disbursement"]
          },
          "cross_repo_actions": {
            "type": "array",
            "items": {
              "$ref": "#/definitions/cross_repo_action"
            }
          },
          "security_config": {
            "$ref": "#/definitions/security_config"
          }
        }
      }
    }
  ],
  "properties": {
    "schema_version": {
      "type": "string",
      "pattern": "^\\d+\\.\\d+\\.\\d+$"
    }
  },
  "additionalProperties": true
}
