{
  "$schema": "http://json-schema.org/draft-07/schema#",
  "$id": "https://richards-credit-authority/authority/schema/lending-authority.schema.json",
  "title": "Lending Authority Schema",
  "description": "Defines the structure of a Lending Authority Certificate for the Personal Credit Authority",
  "type": "object",
  "required": [
    "version",
    "authorityId",
    "identityRef",
    "calculationDate",
    "effectiveDate",
    "expirationDate",
    "lendingCapacity",
    "riskTier",
    "calculationBreakdown",
    "status"
  ],
  "properties": {
    "version": {
      "type": "string",
      "pattern": "^[0-9]+\\.[0-9]+\\.[0-9]+$",
      "description": "Schema version following semantic versioning"
    },
    "authorityId": {
      "type": "string",
      "pattern": "^[0-9a-f]{8}-[0-9a-f]{4}-4[0-9a-f]{3}-[89ab][0-9a-f]{3}-[0-9a-f]{12}$",
      "description": "UUID v4 identifier for this lending authority record"
    },
    "identityRef": {
      "type": "string",
      "pattern": "^[0-9a-f]{8}-[0-9a-f]{4}-4[0-9a-f]{3}-[89ab][0-9a-f]{3}-[0-9a-f]{12}$",
      "description": "Reference to the identity UUID this authority applies to"
    },
    "identityHash": {
      "type": "string",
      "pattern": "^[a-fA-F0-9]{64}$",
      "description": "SHA-256 hash of the identity manifest at calculation time"
    },
    "calculationDate": {
      "type": "string",
      "pattern": "^[0-9]{4}-[0-9]{2}-[0-9]{2}T[0-9]{2}:[0-9]{2}:[0-9]{2}Z$",
      "description": "ISO 8601 timestamp when the lending capacity was calculated"
    },
    "effectiveDate": {
      "type": "string",
      "pattern": "^[0-9]{4}-[0-9]{2}-[0-9]{2}$",
      "description": "Date when this lending authority becomes effective"
    },
    "expirationDate": {
      "type": "string",
      "pattern": "^[0-9]{4}-[0-9]{2}-[0-9]{2}$",
      "description": "Date when this lending authority expires"
    },
    "lendingCapacity": {
      "type": "object",
      "required": ["base", "adjusted", "maximum", "currency"],
      "properties": {
        "base": {
          "type": "integer",
          "minimum": 0,
          "description": "Base lending capacity before adjustments"
        },
        "adjustments": {
          "type": "integer",
          "minimum": 0,
          "default": 0,
          "description": "Total amount of all adjustments applied"
        },
        "adjusted": {
          "type": "integer",
          "minimum": 0,
          "description": "Base lending capacity after adjustments"
        },
        "limitations": {
          "type": "integer",
          "minimum": 0,
          "default": 0,
          "description": "Total amount deducted due to limitations"
        },
        "maximum": {
          "type": "integer",
          "minimum": 0,
          "description": "Final lending capacity after all adjustments and limitations"
        },
        "currency": {
          "type": "string",
          "pattern": "^[A-Z]{3}$",
          "description": "ISO 4217 currency code"
        },
        "unit": {
          "type": "string",
          "pattern": "^(cents|dollars|units)$",
          "default": "cents",
          "description": "Unit of measurement for capacity values"
        }
      }
    },
    "riskTier": {
      "type": "object",
      "required": ["level", "score", "factors"],
      "properties": {
        "level": {
          "type": "string",
          "enum": ["minimal", "low", "moderate", "elevated", "high", "critical"],
          "description": "Risk tier classification"
        },
        "score": {
          "type": "integer",
          "minimum": 0,
          "maximum": 100,
          "description": "Risk score from 0 to 100"
        },
        "factors": {
          "type": "array",
          "items": {
            "type": "object",
            "required": ["category", "weight", "contribution", "description"],
            "properties": {
              "category": {
                "type": "string",
                "enum": ["income", "debt", "assets", "history", "verification", "behavior"]
              },
              "weight": {
                "type": "number",
                "minimum": 0,
                "maximum": 1,
                "description": "Weight of this factor in overall risk calculation"
              },
              "contribution": {
                "type": "number",
                "description": "Contribution to risk score from this factor"
              },
              "rawValue": {
                "type": ["number", "string"],
                "description": "Raw input value for this factor"
              },
              "description": {
                "type": "string",
                "description": "Description of the risk factor"
              }
            }
          }
        }
      }
    },
    "calculationBreakdown": {
      "type": "object",
      "required": ["income", "tax", "debt", "assets", "lendingRatios"],
      "properties": {
        "income": {
          "type": "object",
          "required": ["grossAnnual", "netAnnual", "verified"],
          "properties": {
            "grossAnnual": {
              "type": "integer",
              "description": "Gross annual income in cents"
            },
            "netAnnual": {
              "type": "integer",
              "description": "Net annual income after taxes in cents"
            },
            "verified": {
              "type": "boolean",
              "description": "Whether income has been verified through attestations"
            },
            "sources": {
              "type": "array",
              "items": {
                "type": "object",
                "properties": {
                  "type": { "type": "string" },
                  "amount": { "type": "integer" },
                  "frequency": { "type": "string" }
                }
              }
            }
          }
        },
        "tax": {
          "type": "object",
          "required": ["annualLiability", "paymentStatus", "jurisdiction"],
          "properties": {
            "annualLiability": {
              "type": "integer",
              "description": "Annual tax liability in cents"
            },
            "estimatedPayment": {
              "type": "integer",
              "description": "Estimated tax payment for current period"
            },
            "paymentStatus": {
              "type": "string",
              "enum": ["current", "partial", "delinquent", "disputed"]
            },
            "jurisdiction": {
              "type": "string",
              "description": "Tax jurisdiction code"
            },
            "outstandingBalance": {
              "type": "integer",
              "description": "Outstanding tax balance in cents"
            }
          }
        },
        "debt": {
          "type": "object",
          "required": ["totalMonthly", "totalOutstanding", "paymentToIncomeRatio"],
          "properties": {
            "totalMonthly": {
              "type": "integer",
              "description": "Total monthly debt payments in cents"
            },
            "totalOutstanding": {
              "type": "integer",
              "description": "Total outstanding debt principal in cents"
            },
            "paymentToIncomeRatio": {
              "type": "number",
              "description": "Monthly debt payment to monthly income ratio"
            },
            "accounts": {
              "type": "array",
              "items": {
                "type": "object",
                "properties": {
                  "type": { "type": "string" },
                  "balance": { "type": "integer" },
                  "monthlyPayment": { "type": "integer" },
                  "interestRate": { "type": "number" }
                }
              }
            }
          }
        },
        "assets": {
          "type": "object",
          "required": ["totalValue", "liquidValue", "verified"],
          "properties": {
            "totalValue": {
              "type": "integer",
              "description": "Total asset value in cents"
            },
            "liquidValue": {
              "type": "integer",
              "description": "Liquid asset value in cents"
            },
            "verified": {
              "type": "boolean",
              "description": "Whether assets have been verified through attestations"
            },
            "breakdown": {
              "type": "object",
              "properties": {
                "cash": { "type": "integer" },
                "securities": { "type": "integer" },
                "realEstate": { "type": "integer" },
                "retirement": { "type": "integer" },
                "crypto": { "type": "integer" },
                "other": { "type": "integer" }
              }
            }
          }
        },
        "lendingRatios": {
          "type": "object",
          "required": ["loanToIncome", "debtToIncome", "loanToTax", "loanToValue"],
          "properties": {
            "loanToIncome": {
              "type": "number",
              "description": "Loan amount to annual income ratio"
            },
            "debtToIncome": {
              "type": "number",
              "description": "Total debt to annual income ratio"
            },
            "loanToTax": {
              "type": "number",
              "description": "Loan amount to tax liability ratio"
            },
            "loanToValue": {
              "type": "number",
              "description": "Loan amount to asset value ratio"
            },
            "calculatedAt": {
              "type": "string",
              "pattern": "^[0-9]{4}-[0-9]{2}-[0-9]{2}T[0-9]{2}:[0-9]{2}:[0-9]{2}Z$"
            }
          }
        }
      }
    },
    "annualLimits": {
      "type": "object",
      "properties": {
        "individualLoan": {
          "type": "integer",
          "description": "Maximum for individual loans"
        },
        "totalOutstanding": {
          "type": "integer",
          "description": "Maximum total outstanding loans"
        },
        "aggregated": {
          "type": "integer",
          "description": "Aggregated limit including all lending relationships"
        }
      }
    },
    "adjustments": {
      "type": "array",
      "items": {
        "type": "object",
        "required": ["type", "amount", "reason", "effectiveDate"],
        "properties": {
          "type": {
            "type": "string",
            "enum": ["bonus", "penalty", "restriction", "enhancement", "correction"]
          },
          "amount": {
            "type": "integer",
            "description": "Adjustment amount in cents (positive or negative)"
          },
          "reason": {
            "type": "string",
            "description": "Explanation for the adjustment"
          },
          "effectiveDate": {
            "type": "string",
            "pattern": "^[0-9]{4}-[0-9]{2}-[0-9]{2}$"
          },
          "expiresAt": {
            "type": "string",
            "pattern": "^[0-9]{4}-[0-9]{2}-[0-9]{2}$"
          },
          "authority": {
            "type": "string",
            "description": "Who authorized this adjustment"
          }
        }
      }
    },
    "restrictions": {
      "type": "array",
      "items": {
        "type": "object",
        "required": ["type", "description", "effectiveDate"],
        "properties": {
          "type": {
            "type": "string",
            "enum": ["maximumLoanSize", "minimumCreditScore", "collateralRequired", "coSignerRequired", "useRestriction"]
          },
          "value": {},
          "description": {
            "type": "string"
          },
          "effectiveDate": {
            "type": "string",
            "pattern": "^[0-9]{4}-[0-9]{2}-[0-9]{2}$"
          },
          "expiresAt": {
            "type": "string",
            "pattern": "^[0-9]{4}-[0-9]{2}-[0-9]{2}$"
          }
        }
      }
    },
    "status": {
      "type": "string",
      "enum": ["active", "pending", "suspended", "expired", "revoked"],
      "description": "Current status of this lending authority"
    },
    "previousAuthorities": {
      "type": "array",
      "items": {
        "type": "object",
        "properties": {
          "authorityId": { "type": "string" },
          "expirationDate": { "type": "string" },
          "reason": { "type": "string" }
        }
      }
    },
    "signatures": {
      "type": "array",
      "items": {
        "$ref": "https://richards-credit-authority/identity/signature-block.template.json"
      }
    },
    "metadata": {
      "type": "object",
      "additionalProperties": true
    }
  },
  "additionalProperties": false
}